"AORD.Open","AORD.High","AORD.Low","AORD.Close","AORD.Volume","AORD.Adjusted"
"2007-01-02",5646.9,5664.3,5645,5645.9,309068100,5645.9
"2007-01-03",5656,5671.1,5621.4,5626.8,410263800,5626.8
"2007-01-04",5613.9,5614.5,5563.9,5563.9,636790800,5563.9
"2007-01-05",5559.5,5587.8,5543.7,5549.8,565676400,5549.8
"2007-01-08",5539.7,5541.2,5482.1,5484.5,643905000,5484.5
"2007-01-09",5498.4,5565,5497.3,5564.1,888775900,5564.1
"2007-01-10",5558.6,5558.6,5502.1,5502.1,824819400,5502.1
"2007-01-11",5513.2,5550.6,5509.6,5542.7,738536200,5542.7
"2007-01-12",5554.7,5611.9,5554.7,5611.9,686902700,5611.9
"2007-01-15",5615.9,5649,5610.6,5649,497797600,5649
"2007-01-16",5647.7,5678.7,5642.2,5650.4,699713300,5650.4
"2007-01-17",5643.4,5648.1,5624.4,5626.1,648283400,5626.1
"2007-01-18",5634.6,5657.4,5631.8,5650.8,724698300,5650.8
"2007-01-19",5648.5,5652.1,5622.5,5652.1,715673600,5652.1
"2007-01-22",5665.9,5715.5,5665.9,5704,655001400,5704
"2007-01-23",5701.2,5716.1,5682.9,5714.1,587776800,5714.1
"2007-01-24",5727.7,5755.9,5724.8,5749.1,841223100,5749.1
"2007-01-25",5760.7,5782.9,5753.3,5753.3,915627200,5753.3
"2007-01-26",5760.7,5782.9,5753.3,5753.3,915627200,5753.3
"2007-01-29",5756.2,5760.3,5737.8,5744,689026900,5744
"2007-01-30",5741.2,5792.4,5740.8,5791.5,844200100,5791.5
"2007-01-31",5797.9,5808.2,5757.7,5757.7,834157300,5757.7
"2007-02-01",5765.7,5799.1,5765.7,5796.8,917977500,5796.8
"2007-02-02",5809.5,5821.3,5800,5814.4,772388700,5814.4
"2007-02-05",5811,5811.5,5786.5,5805.1,720582200,5805.1
"2007-02-06",5811.6,5849.3,5811.6,5848.5,855555900,5848.5
"2007-02-07",5874.8,5880.1,5854.2,5870.9,917210300,5870.9
"2007-02-08",5873.4,5880.5,5857.5,5872.9,814795800,5872.9
"2007-02-09",5878.4,5899.3,5869.8,5899.3,788990500,5899.3
"2007-02-12",5894.6,5905.3,5878.2,5895,694584800,5895
"2007-02-13",5892.7,5916.3,5884.8,5907.3,693011800,5907.3
"2007-02-14",5916.9,5948.4,5916.9,5937.7,788575800,5937.7
"2007-02-15",5946.7,5976.1,5945.7,5969.1,870325700,5969.1
"2007-02-16",5969.6,5970.6,5923,5935.5,772263800,5935.5
"2007-02-19",5938.6,5981.8,5933.3,5969.3,502583200,5969.3
"2007-02-20",5973.7,5981.3,5959,5969.4,621376200,5969.4
"2007-02-21",5962.7,5970.5,5932.3,5933.3,863900500,5933.3
"2007-02-22",5934.6,5991.1,5933.9,5991.1,1085331100,5991.1
"2007-02-23",5993.4,6024.7,5992.8,6009.3,1135229900,6009.3
"2007-02-26",6009.9,6021.9,5986.7,6021.9,873570700,6021.9
"2007-02-27",6021.6,6021.6,5977.6,5977.6,802591500,5977.6
"2007-02-28",5975.4,5975.4,5765,5816.5,1125725000,5816.5
"2007-03-01",5823.9,5844.9,5787.6,5798.3,817642600,5798.3
"2007-03-02",5793.7,5810.7,5769.6,5775.2,765149800,5775.2
"2007-03-05",5761.9,5761.9,5642.4,5642.4,948001300,5642.4
"2007-03-06",5644.7,5749.9,5626.9,5749.9,873156200,5749.9
"2007-03-07",5755.7,5808.5,5755.7,5803.3,793071200,5803.3
"2007-03-08",5798.4,5803.9,5757.2,5799.6,715411800,5799.6
"2007-03-09",5804.8,5828.8,5801.3,5810.2,758459200,5810.2
"2007-03-12",5808.9,5868.1,5801.9,5868.1,629601100,5868.1
"2007-03-13",5870.6,5893.6,5840.3,5844,806959600,5844
"2007-03-14",5818.3,5818.3,5727.3,5727.3,745510200,5727.3
"2007-03-15",5752.1,5835.2,5747.5,5831.8,1086777000,5831.8
"2007-03-16",5831.8,5853.5,5798,5817.8,7846000,5817.8
"2007-03-19",5819.9,5852.6,5802.6,5839.2,539354300,5839.2
"2007-03-20",5850,5898,5850,5856.5,624941800,5856.5
"2007-03-21",5862.2,5886.7,5844.5,5846.3,707343300,5846.3
"2007-03-22",5862,5935.4,5862,5935.4,853921600,5935.4
"2007-03-23",5934.6,5947.1,5920.4,5933.1,781564600,5933.1
"2007-03-26",5939.3,5971.3,5938.6,5970.5,692886500,5970.5
"2007-03-27",5966.7,5972.6,5951.1,5952.3,775702400,5952.3
"2007-03-28",5947.5,5965.1,5907.4,5913.3,838267400,5913.3
"2007-03-29",5909.6,5945.7,5896.4,5945.7,960607300,5945.7
"2007-03-30",5952.6,5980.7,5952.5,5978.8,1007359400,5978.8
"2007-04-02",5978.2,5978.2,5908.2,5908.2,686641800,5908.2
"2007-04-03",5920.2,5997.6,5920.2,5997.6,770068800,5997.6
"2007-04-04",6010.6,6079,6010.6,6079,853367100,6079
"2007-04-05",6076.5,6076.5,6051.6,6063.4,740248400,6063.4
"2007-04-06",6076.5,6076.5,6051.6,6063.4,740248400,6063.4
"2007-04-09",6076.5,6076.5,6051.6,6063.4,740248400,6063.4
"2007-04-10",6069.5,6139.1,6069.5,6136.1,743510900,6136.1
"2007-04-11",6142.8,6159.1,6127.3,6136.1,865486700,6136.1
"2007-04-12",6133.7,6150.8,6116.4,6142.8,765247000,6142.8
"2007-04-13",6151.5,6178,6114,6123.8,935970900,6123.8
"2007-04-16",6133.4,6190.4,6133.2,6183.6,876987100,6183.6
"2007-04-17",6188.2,6220,6155.7,6168.9,840780200,6168.9
"2007-04-18",6174.8,6240.8,6173.7,6215,993727100,6215
"2007-04-19",6208.7,6209.2,6144.2,6148.3,898100600,6148.3
"2007-04-20",6152,6189.3,6152,6187.2,675866400,6187.2
"2007-04-23",6197.1,6229.8,6151.9,6192.2,792972900,6192.2
"2007-04-24",6193.2,6213.9,6163.9,6173.3,807147000,6173.3
"2007-04-26",6179.9,6211.5,6179.9,6197.8,887138400,6197.8
"2007-04-27",6189,6189,6135.2,6141,954640700,6141
"2007-04-30",6146.1,6193,6146.1,6158.3,779087000,6158.3
"2007-05-01",6155.6,6163.5,6129.8,6140.2,859061500,6140.2
"2007-05-02",6148.9,6224.5,6148.7,6224.5,920909100,6224.5
"2007-05-03",6231,6247.6,6215.1,6236.9,833330300,6236.9
"2007-05-04",6245.9,6296.2,6245.9,6296.2,802969700,6296.2
"2007-05-07",6309.3,6331.7,6288.9,6329.4,725867900,6329.4
"2007-05-08",6332.7,6333.8,6289.8,6301,1034223900,6301
"2007-05-09",6295,6376.9,6279.9,6338,886753900,6338
"2007-05-10",6346.1,6351.8,6312.3,6351.8,951475600,6351.8
"2007-05-11",6332.9,6332.9,6277.4,6297.3,784771000,6297.3
"2007-05-14",6307,6360.8,6307,6346.7,677798400,6346.7
"2007-05-15",6334.7,6338,6288.4,6297.3,831574500,6297.3
"2007-05-16",6303.9,6319.6,6275.6,6301.1,835935500,6301.1
"2007-05-17",6308.4,6370.1,6308.4,6370.1,1068201000,6370.1
"2007-05-18",6358.3,6360.6,6307,6319.7,753621200,6319.7
"2007-05-21",6325,6387.6,6325,6372.5,727332600,6372.5
"2007-05-22",6372.3,6390.3,6342.9,6350.2,915604900,6350.2
"2007-05-23",6350.6,6389.3,6336.1,6369,796842500,6369
"2007-05-24",6365.5,6365.5,6296.4,6298.6,977928500,6298.6
"2007-05-25",6292.7,6292.7,6247.6,6273.3,1143826600,6273.3
"2007-05-28",6283.8,6315.3,6262.3,6275,678142200,6275
"2007-05-29",6275.1,6338.8,6267.2,6338.8,727126600,6338.8
"2007-05-30",6338.3,6338.3,6258.6,6271.7,897718300,6271.7
"2007-05-31",6287.3,6365.1,6287.3,6341.8,1102144900,6341.8
"2007-06-01",6348.3,6380.2,6343.5,6363.4,937720900,6363.4
"2007-06-04",6375.2,6435.7,6375.2,6419.6,798147100,6419.6
"2007-06-05",6420.1,6422.9,6398.3,6399.9,962179100,6399.9
"2007-06-06",6397.6,6402,6345.3,6367.4,903421000,6367.4
"2007-06-07",6350.6,6350.6,6288.7,6338.2,859026400,6338.2
"2007-06-08",6326.7,6326.7,6226.3,6258.4,992187600,6258.4
"2007-06-12",6273.7,6319.3,6264.5,6267.7,815837500,6267.7
"2007-06-13",6253.3,6254.7,6200.1,6210.1,902098800,6210.1
"2007-06-14",6238.2,6289.5,6237.8,6288.4,916928700,6288.4
"2007-06-15",6298.4,6322.8,6294.7,6317.1,1022596100,6317.1
"2007-06-18",6330.7,6376.2,6330.2,6365.3,883804100,6365.3
"2007-06-19",6362.1,6402,6341.9,6393.4,1183819900,6393.4
"2007-06-20",6390.1,6426.4,6373.7,6421,1092358700,6421
"2007-06-21",6417.7,6417.7,6388.6,6411.9,1551503000,6411.9
"2007-06-22",6416.2,6416.4,6379.2,6409.3,957772700,6409.3
"2007-06-25",6405.7,6405.7,6345.8,6358.6,864977800,6358.6
"2007-06-26",6358.5,6373.6,6332.4,6337.3,891029200,6337.3
"2007-06-27",6329.6,6331.4,6216.6,6216.6,1141016700,6216.6
"2007-06-28",6231,6297.4,6231,6297.4,1131606900,6297.4
"2007-06-29",6302.6,6325.3,6280.1,6310.6,1573553400,6310.6
"2007-07-02",6316.4,6325.1,6291.2,6298.6,1040177000,6298.6
"2007-07-03",6315.2,6353.4,6313.3,6333.8,1072022200,6333.8
"2007-07-04",6340.6,6353.5,6324.7,6332.6,913250600,6332.6
"2007-07-05",6334.4,6392.2,6334.4,6392.2,799678500,6392.2
"2007-07-06",6392.1,6392.1,6352.5,6383,789604400,6383
"2007-07-09",6385.3,6429.5,6385.3,6429.5,664129900,6429.5
"2007-07-10",6431.5,6431.9,6394.8,6397.8,784986900,6397.8
"2007-07-11",6394.1,6394.1,6339.1,6363.2,819884600,6363.2
"2007-07-12",6373.4,6402.7,6369.8,6400.1,926406700,6400.1
"2007-07-13",6423.8,6469.2,6423.8,6425.4,834473000,6425.4
"2007-07-16",6426.1,6449.4,6415.1,6418.4,765543000,6418.4
"2007-07-17",6422.5,6429.3,6408.4,6418.2,757276200,6418.2
"2007-07-18",6410,6410.2,6364.6,6367.2,787348600,6367.2
"2007-07-19",6371.9,6419.8,6371.9,6419,855666600,6419
"2007-07-20",6421.9,6457.1,6421.9,6456.7,885882800,6456.7
"2007-07-23",6448.9,6448.9,6398.7,6427.8,751252100,6427.8
"2007-07-24",6434.9,6464.3,6434.9,6455.5,948438500,6455.5
"2007-07-25",6431.6,6431.7,6371.4,6378,742817500,6378
"2007-07-26",6381.5,6388,6301.4,6301.4,1162984600,6301.4
"2007-07-27",6296.8,6296.8,6126.9,6127.3,1374327800,6127.3
"2007-07-30",6124.7,6147.1,6086.9,6146.5,873638500,6146.5
"2007-07-31",6157.5,6187.8,6147,6187.5,821960900,6187.5
"2007-08-01",6181.6,6181.6,5989.4,5989.4,1067501700,5989.4
"2007-08-02",6015.3,6101.2,5952.1,6050.3,1017349800,6050.3
"2007-08-03",6063.2,6094.2,6018.3,6055.9,758596200,6055.9
"2007-08-06",6050.9,6050.9,5922,5949.5,627698700,5949.5
"2007-08-07",5971.3,6041.1,5970,6013.6,731552800,6013.6
"2007-08-08",6025.7,6126,6025.5,6124.7,926974100,6124.7
"2007-08-09",6138.2,6187.7,6135.6,6187.7,1108829500,6187.7
"2007-08-10",6136.9,6137.1,5965.2,5965.2,1232816600,5965.2
"2007-08-13",5972.5,6056.9,5972.5,6027.5,803072300,6027.5
"2007-08-14",6028,6038.9,5961.1,5982.5,839670100,5982.5
"2007-08-15",5954,5954,5801.5,5801.5,1179365800,5801.5
"2007-08-16",5797.1,5797.1,5490.8,5712.2,1792345000,5712.2
"2007-08-17",5717.1,5781.6,5637.3,5670.3,1184574500,5670.3
"2007-08-20",5675.5,5926.5,5675.5,5926.5,933195100,5926.5
"2007-08-21",5923.3,5986.2,5872.7,5978.6,767829700,5978.6
"2007-08-22",5973.6,6036.3,5956.3,5997.4,873369400,5997.4
"2007-08-23",6007.2,6164.5,6007.2,6149.7,1112252600,6149.7
"2007-08-24",6135.7,6135.7,6075.8,6087.2,8174900,6087.2
"2007-08-27",6117,6199.9,6115.3,6184.9,848175300,6184.9
"2007-08-28",6178.6,6185.9,6138.2,6177.3,890580900,6177.3
"2007-08-29",6143.7,6143.7,6032.7,6101.4,934053300,6101.4
"2007-08-30",6126.2,6189.9,6126.1,6138,861995900,6138
"2007-08-31",6138,6248.3,6138,6248.3,10815800,6248.3
"2007-09-03",6254.5,6285.3,6242.6,6272.5,589013100,6272.5
"2007-09-04",6269.4,6318.7,6268,6297.1,792988900,6297.1
"2007-09-05",6307.2,6358.6,6265.4,6274.3,822540100,6274.3
"2007-09-06",6259.9,6278.4,6206.6,6265.3,696298000,6265.3
"2007-09-07",6278.1,6297.7,6273.3,6296.5,498608900,6296.5
"2007-09-10",6258.2,6259,6168.3,6209.6,652049200,6209.6
"2007-09-11",6211.6,6269.3,6211.6,6248.6,722328100,6248.6
"2007-09-12",6269.9,6314.7,6233.2,6236,852248200,6236
"2007-09-13",6243.5,6265.9,6228.9,6244.6,728850700,6244.6
"2007-09-14",6250.8,6318.8,6250.8,6315.7,813908500,6315.7
"2007-09-17",6307,6307.8,6269.8,6283.7,676648300,6283.7
"2007-09-18",6274.5,6274.6,6185.1,6208,890698400,6208
"2007-09-19",6248.9,6362,6248.9,6362,885694600,6362
"2007-09-20",6386.6,6418.4,6366.6,6400.9,1694881600,6400.9
"2007-09-21",6393.3,6395.4,6365.9,6371.2,745104900,6371.2
"2007-09-24",6374.3,6467,6374.3,6461.1,728840100,6461.1
"2007-09-25",6464.8,6515.2,6440.7,6490.9,853508600,6490.9
"2007-09-26",6467.9,6508.1,6462.1,6491.4,820033300,6491.4
"2007-09-27",6497.3,6556.4,6495.6,6548,1030226700,6548
"2007-09-28",6555.9,6601,6555.9,6580.9,1231729200,6580.9
"2007-10-01",6581.2,6616.4,6570.5,6579.8,362775100,6579.8
"2007-10-02",6609.9,6673.6,6609.5,6667.6,924477100,6667.6
"2007-10-03",6652.5,6682.2,6644.1,6665.4,848097100,6665.4
"2007-10-04",6649,6649.7,6565.5,6579.9,795770500,6579.9
"2007-10-05",6586.9,6626.9,6584.9,6617.3,723380600,6617.3
"2007-10-08",6628.4,6695.4,6628.4,6667.2,632094500,6667.2
"2007-10-09",6651,6695.9,6635.1,6687.7,746529000,6687.7
"2007-10-10",6705.1,6749.5,6705,6744.6,790826900,6744.6
"2007-10-11",6743.3,6789.5,6722.2,6779.6,812005600,6779.6
"2007-10-12",6775.8,6778.3,6730.7,6760.1,768986700,6760.1
"2007-10-15",6771.5,6809.3,6729.2,6751.6,660248800,6751.6
"2007-10-16",6738.6,6739,6670.8,6711.3,698029100,6711.3
"2007-10-17",6712.6,6740.9,6667,6696.1,807774200,6696.1
"2007-10-18",6711.3,6781,6710.4,6781,800048400,6781
"2007-10-19",6778.2,6778.3,6703,6723.3,686721400,6723.3
"2007-10-22",6682.4,6683.8,6559.6,6592.1,1904714600,6592.1
"2007-10-23",6588.9,6688.4,6588.9,6677.5,771949400,6677.5
"2007-10-24",6693.9,6747.6,6652,6652.1,937171100,6652.1
"2007-10-25",6646.3,6688.6,6631.7,6644.8,1074673000,6644.8
"2007-10-26",6658.4,6717.9,6655.9,6716.4,1157860300,6716.4
"2007-10-29",6739.9,6808.2,6739.9,6808.2,932711000,6808.2
"2007-10-30",6810.8,6810.8,6768.3,6772.5,799718600,6772.5
"2007-10-31",6756.7,6795.6,6734.8,6779.1,988457300,6779.1
"2007-11-01",6799.5,6873.2,6798.7,6853.6,964605300,6853.6
"2007-11-02",6811.1,6811.1,6705.4,6726.7,784896600,6726.7
"2007-11-05",6733.1,6742.9,6600.3,6620.1,711156900,6620.1
"2007-11-06",6618.5,6685.8,6618.2,6659.1,495319700,6659.1
"2007-11-07",6666.1,6732.6,6666.1,6728.1,803322400,6728.1
"2007-11-08",6680.5,6680.5,6537,6568.5,968832700,6568.5
"2007-11-09",6569.6,6663.9,6569.6,6607.4,845314400,6607.4
"2007-11-12",6593.9,6624.2,6512.4,6523.3,852163900,6523.3
"2007-11-13",6521.5,6577,6503.8,6570.9,812164300,6570.9
"2007-11-14",6592.2,6660,6591,6650,843142300,6650
"2007-11-15",6643.8,6671.3,6594.4,6594.4,907446100,6594.4
"2007-11-16",6593.6,6593.6,6516.7,6526.1,732516200,6526.1
"2007-11-19",6537.6,6614.8,6537.6,6601.3,622323900,6601.3
"2007-11-20",6562.6,6562.6,6461.7,6490.2,819212200,6490.2
"2007-11-21",6502.1,6503,6425,6450.2,816074900,6450.2
"2007-11-22",6424.7,6424.7,6373.4,6395.1,816022500,6395.1
"2007-11-23",6397.5,6405.9,6375.2,6392.4,498191700,6392.4
"2007-11-26",6419.6,6542.6,6419.6,6533.2,699229600,6533.2
"2007-11-27",6502.7,6502.7,6416.8,6493.6,873809400,6493.6
"2007-11-28",6491.7,6495,6412.9,6432.8,856231700,6432.8
"2007-11-29",6458.9,6540.8,6458.8,6507.2,951554400,6507.2
"2007-11-30",6519.1,6608.2,6500.9,6593.6,1398314300,6593.6
"2007-12-03",6595.4,6625.4,6586.6,6597.2,708736100,6597.2
"2007-12-04",6583.2,6593.7,6560,6588.8,891332800,6588.8
"2007-12-05",6579.8,6579.8,6543.2,6568.4,781813500,6568.4
"2007-12-06",6591.1,6673.2,6590.8,6660.5,922022100,6660.5
"2007-12-07",6671,6727.8,6670.5,6714,739195400,6714
"2007-12-10",6718.1,6718.1,6673.5,6686.1,617195200,6686.1
"2007-12-11",6693.9,6741.4,6693.9,6738.1,825823900,6738.1
"2007-12-12",6714.5,6714.5,6642.2,6675.4,729232400,6675.4
"2007-12-13",6681.9,6704.4,6627.2,6661.1,731921700,6661.1
"2007-12-14",6652.1,6656,6534.5,6556.1,736005400,6556.1
"2007-12-17",6537,6538.4,6331.8,6331.8,1066419200,6331.8
"2007-12-18",6314.1,6314.1,6168.3,6292.6,1419272800,6292.6
"2007-12-19",6312,6327,6258.4,6280.8,1419077700,6280.8
"2007-12-20",6289.4,6301,6244.8,6244.8,1626705900,6244.8
"2007-12-21",6250.7,6344.7,6249.7,6309.4,1272881500,6309.4
"2007-12-24",6330.9,6402.2,6330.9,6388,335838800,6388
"2007-12-27",6401.6,6434.4,6401.2,6426.4,399789300,6426.4
"2007-12-28",6411.4,6423.7,6373.3,6423.7,401949000,6423.7
"2007-12-31",6426,6431.4,6396.9,6421,286191500,6421
"2008-01-02",6418.6,6462.8,6408.4,6434.1,365493500,6434.1
"2008-01-03",6422.7,6422.7,6335.8,6372.6,511702600,6372.6
"2008-01-04",6387.7,6421.2,6355,6385.4,627840800,6385.4
"2008-01-07",6357.8,6357.8,6227.7,6240.4,692737000,6240.4
"2008-01-08",6233.2,6259.7,6195.3,6205.7,772191800,6205.7
"2008-01-09",6193.4,6193.4,6111.1,6159.5,831426400,6159.5
"2008-01-10",6160.2,6176.3,6121.2,6147.3,945102900,6147.3
"2008-01-11",6154.6,6164.3,6054.4,6054.4,775853500,6054.4
"2008-01-14",6040.6,6073.3,5970.6,6040.9,780197800,6040.9
"2008-01-15",6041.6,6102.1,6005.7,6019.8,1087166200,6019.8
"2008-01-16",6003.6,6019.8,5848.3,5870.8,1154147000,5870.8
"2008-01-17",5877.9,5904.3,5847.9,5857,1015367300,5857
"2008-01-18",5803,5811.4,5680.7,5799.4,1053399000,5799.4
"2008-01-21",5789.3,5790.2,5630.9,5630.9,884125900,5630.9
"2008-01-22",5569.1,5569.1,5222,5222,1709112600,5222
"2008-01-23",5264.2,5567.6,5264.2,5445.6,1566250400,5445.6
"2008-01-24",5480.9,5605.8,5479.1,5605.8,1250673900,5605.8
"2008-01-25",5631.6,5886.3,5631.6,5886.3,1306141200,5886.3
"2008-01-29",5887.9,5887.9,5737.3,5754.5,1147654800,5754.5
"2008-01-30",5780.7,5871.4,5661,5665.3,953929700,5665.3
"2008-01-31",5656.6,5697,5507,5697,1110780800,5697
"2008-02-01",5717.2,5887.6,5714.2,5882.3,890030700,5882.3
"2008-02-04",5893.7,6057.8,5886.3,5921.7,865578100,5921.7
"2008-02-05",5921.2,5938.4,5845.2,5852.1,761764900,5852.1
"2008-02-06",5830.1,5830.5,5677.6,5677.6,889175500,5677.6
"2008-02-07",5675.8,5682,5585.8,5668.3,834276400,5668.3
"2008-02-08",5679,5767.2,5677.4,5723.9,652258100,5723.9
"2008-02-11",5728.2,5729.5,5584.4,5603.1,679031500,5603.1
"2008-02-12",5616.4,5679.1,5583.4,5669.4,885863400,5669.4
"2008-02-13",5680.1,5718.9,5615.3,5615.3,933966400,5615.3
"2008-02-14",5636.2,5752.4,5635.9,5748.2,1042708100,5748.2
"2008-02-15",5725.3,5725.3,5619.6,5679.8,859466700,5679.8
"2008-02-19",5655.9,5719.8,5655,5688.6,877851600,5688.6
"2008-02-20",5693.1,5701.3,5577.3,5577.3,911200300,5577.3
"2008-02-21",5597.4,5678.6,5583.8,5663,1008569600,5663
"2008-02-22",5655.7,5660.6,5578.9,5644.5,906304600,5644.5
"2008-02-25",5655.1,5718.5,5652.6,5699.8,782779400,5699.8
"2008-02-26",5706.2,5769.6,5705.7,5745.8,1078941200,5745.8
"2008-02-27",5760.5,5845.8,5760.5,5842.5,987247300,5842.5
"2008-02-28",5835.8,5835.8,5712.3,5746.1,1058419300,5746.1
"2008-02-29",5742.2,5743.2,5619.6,5674.7,1220863600,5674.7
"2008-03-03",5639.3,5640,5499.8,5510.7,905912000,5510.7
"2008-03-04",5515.1,5541.9,5451,5479.2,1140409200,5479.2
"2008-03-05",5488.8,5548.6,5443,5471.6,1440783800,5471.6
"2008-03-06",5491.7,5549.2,5469.1,5531.9,1141210000,5531.9
"2008-03-07",5511.3,5511.3,5345.8,5368.9,1065038000,5368.9
"2008-03-10",5344.1,5344.1,5245,5275.7,906337300,5275.7
"2008-03-11",5241.4,5242.8,5164.2,5211.1,1208745200,5211.1
"2008-03-12",5262.5,5441.9,5262.5,5334.1,1177996600,5334.1
"2008-03-13",5336.3,5339.4,5205.8,5215.7,884822000,5215.7
"2008-03-14",5234.9,5297.9,5234.4,5288.5,806249200,5288.5
"2008-03-17",5265,5265.5,5130.1,5173.2,852480600,5173.2
"2008-03-18",5158.8,5193.8,5145.1,5163.8,997191000,5163.8
"2008-03-19",5207.6,5349.2,5207.6,5349.2,1170510800,5349.2
"2008-03-20",5303.3,5307.5,5182.4,5182.4,2046957000,5182.4
"2008-03-25",5219.3,5384.3,5219.3,5355.7,1150994300,5355.7
"2008-03-26",5363.1,5431,5361.7,5421.3,970395600,5421.3
"2008-03-27",5413.6,5420.9,5385.3,5418.5,1008640500,5418.5
"2008-03-28",5418.5,5418.5,5332.6,5401.2,1387759600,5401.2
"2008-03-31",5396.3,5424.3,5370,5409.7,1014144700,5409.7
"2008-04-01",5416.1,5425,5359.3,5414.5,850156900,5414.5
"2008-04-02",5445,5567.4,5444.1,5544.9,1267228000,5544.9
"2008-04-03",5554,5645.8,5553.4,5645.8,1109769300,5645.8
"2008-04-04",5645.8,5697,5635.7,5663.7,13011400,5663.7
"2008-04-07",5683.7,5692.6,5661.4,5684.1,906250200,5684.1
"2008-04-08",5684.6,5691.3,5619.7,5634.4,1004179600,5634.4
"2008-04-09",5663.2,5670.2,5574.7,5583.5,771705000,5583.5
"2008-04-10",5576.7,5577.2,5505.3,5515.5,806596300,5515.5
"2008-04-11",5511.6,5522.1,5457.8,5505.2,810739600,5505.2
"2008-04-14",5478.1,5478.9,5380.5,5410.9,700308000,5410.9
"2008-04-15",5408.8,5484.1,5407.9,5465.9,793238700,5465.9
"2008-04-16",5488.1,5543.2,5487.3,5534.6,832474200,5534.6
"2008-04-17",5574.2,5630.5,5568,5587.3,919146000,5587.3
"2008-04-18",5575.7,5587.3,5471.5,5504.1,685937900,5504.1
"2008-04-21",5531.1,5666.4,5531.1,5664.2,854135800,5664.2
"2008-04-22",5661.5,5661.5,5594.1,5628.4,698299300,5628.4
"2008-04-23",5627.9,5712.1,5627.9,5711.4,933765300,5711.4
"2008-04-24",5698.5,5699.7,5625.3,5658.7,1017309000,5658.7
"2008-04-25",5658.7,5658.7,5658.7,5658.7,0,5658.7
"2008-04-28",5668.6,5735.8,5643.1,5670.3,814710900,5670.3
"2008-04-29",5678.6,5691.6,5645.5,5672.6,822181300,5672.6
"2008-04-30",5646.4,5678.5,5590.1,5657,1136975500,5657
"2008-05-01",5654.2,5655.4,5605.1,5652.7,859398100,5652.7
"2008-05-02",5668,5760.4,5665,5760.4,920524800,5760.4
"2008-05-05",5785.6,5815,5781.8,5797.7,760264500,5797.7
"2008-05-06",5801.4,5801.5,5754.6,5777.9,783621900,5777.9
"2008-05-07",5798.7,5824.1,5746,5757.8,1084815600,5757.8
"2008-05-08",5725.3,5811.6,5682.6,5800.9,1002615600,5800.9
"2008-05-09",5803.7,5882.8,5802.8,5844.4,836364700,5844.4
"2008-05-12",5846.5,5910.6,5846.5,5894.1,706525100,5894.1
"2008-05-13",5894.3,5908,5863.9,5883.2,860582600,5883.2
"2008-05-14",5892.3,5954.8,5881.9,5940.3,928006300,5940.3
"2008-05-15",5941.7,5985.5,5934.3,5964.9,1193855700,5964.9
"2008-05-16",5999,6040.8,5993.3,6006.1,907804200,6006.1
"2008-05-19",6022.8,6059.5,6019,6035,885151700,6035
"2008-05-20",6031.2,6031.9,5979.9,5994.9,845064000,5994.9
"2008-05-21",5959.9,5959.9,5903.4,5916.4,918368800,5916.4
"2008-05-22",5895,5954.1,5836.3,5920,1081787600,5920
"2008-05-23",5924.6,5933.3,5854.6,5866.2,1117929100,5866.2
"2008-05-26",5845.9,5848.1,5800.2,5807.5,784611200,5807.5
"2008-05-27",5807.4,5837.5,5807.4,5818.4,780307500,5818.4
"2008-05-28",5814.6,5824.2,5736.2,5754.5,1059445500,5754.5
"2008-05-29",5766.4,5822.5,5766,5817.2,1173575100,5817.2
"2008-05-30",5803.1,5803.1,5757.1,5773.9,1672287400,5773.9
"2008-06-02",5774,5800.5,5721.4,5781.2,880052000,5781.2
"2008-06-03",5785.6,5785.6,5698.5,5703,1041112500,5703
"2008-06-04",5699.4,5740,5675.7,5698.2,1070290900,5698.2
"2008-06-05",5685.5,5688,5620.4,5633.8,948337600,5633.8
"2008-06-06",5633.9,5721.4,5633.9,5691.2,1026732700,5691.2
"2008-06-10",5673.8,5673.8,5544.3,5544.3,1107316100,5544.3
"2008-06-11",5542.2,5562.2,5499.6,5561.9,1141075600,5561.9
"2008-06-12",5547.3,5547.3,5428.2,5433.2,1108704900,5433.2
"2008-06-13",5450,5479.6,5399,5479.6,1115374800,5479.6
"2008-06-16",5489.9,5508,5461.7,5476.3,844803900,5476.3
"2008-06-17",5487.5,5525.9,5420.7,5525.9,1150061100,5525.9
"2008-06-18",5522.7,5550.9,5491.6,5550.3,1267450100,5550.3
"2008-06-19",5540.6,5541,5484.3,5484.3,1691831800,5484.3
"2008-06-20",5484.4,5490.8,5399.2,5411.8,1439046000,5411.8
"2008-06-23",5391.5,5416.7,5337.1,5408.9,1111502800,5408.9
"2008-06-24",5411,5422.8,5373.6,5418.8,1151886700,5418.8
"2008-06-25",5397.8,5410.2,5342.1,5363.1,1217032300,5363.1
"2008-06-26",5369.1,5451.4,5368.5,5421.5,1362231900,5421.5
"2008-06-27",5379.2,5379.2,5266.3,5349.4,1437729400,5349.4
"2008-06-30",5364.2,5416.1,5328.4,5332.9,1353210000,5332.9
"2008-07-01",5345.8,5351.4,5261.1,5261.1,891126200,5261.1
"2008-07-02",5246.9,5247.4,5187.4,5211.6,1079069400,5211.6
"2008-07-03",5170,5170,5069.4,5094,1059779000,5094
"2008-07-04",5100.1,5170,5100.1,5170,874620900,5170
"2008-07-07",5159,5161.2,5066.7,5091.7,723789000,5091.7
"2008-07-08",5092.1,5115,5020.9,5022.4,941417900,5022.4
"2008-07-09",5039.2,5114.5,5039.2,5089.4,1031895100,5089.4
"2008-07-10",5065.4,5067,4999,5020.5,998042200,5020.5
"2008-07-11",5036.3,5074.1,5023.7,5067.8,859108800,5067.8
"2008-07-14",5059,5059,4995.4,5007.9,798553600,5007.9
"2008-07-15",5005.5,5005.5,4889.6,4910.1,950175400,4910.1
"2008-07-16",4891.2,4961.2,4880,4947.5,1107716800,4947.5
"2008-07-17",4949.3,5003.2,4941.9,4977.4,966700200,4977.4
"2008-07-18",4977.5,4983.6,4901.9,4915.3,863446000,4915.3
"2008-07-21",4937.1,5075.4,4932.8,5075.4,943928400,5075.4
"2008-07-22",5072.4,5077.7,5022.6,5075.9,900389300,5075.9
"2008-07-23",5083.8,5209.6,5075.6,5161.6,1095843600,5161.6
"2008-07-24",5155.5,5201.6,5148.4,5188.4,967457400,5188.4
"2008-07-25",5190.5,5190.5,5003.2,5028.9,994519000,5028.9
"2008-07-28",5020.5,5032.2,4957.5,4989.9,794836500,4989.9
"2008-07-29",4981.1,4984.2,4896.2,4923.3,789793900,4923.3
"2008-07-30",4942.9,5025,4930.6,5008.7,727609200,5008.7
"2008-07-31",5028.4,5083.2,5027.8,5052.6,1048406000,5052.6
"2008-08-01",5047.4,5047.4,4947.2,4978,718362100,4978
"2008-08-04",4960.6,5006.3,4955.9,4957.6,582928400,4957.6
"2008-08-05",4925,5235.8,4829.2,4882,1056463400,4882
"2008-08-06",4905.3,5028.5,4905.3,5018.1,1070554600,5018.1
"2008-08-07",5025.9,5055,4991.5,5030,1015975000,5030
"2008-08-08",5017.2,5040.9,4964.8,5037.6,903996500,5037.6
"2008-08-11",5044.1,5096.2,5043.3,5069.3,764312400,5069.3
"2008-08-12",5064.9,5106.2,5049.6,5090.3,908849600,5090.3
"2008-08-13",5073.2,5074,4973.3,4995.9,884336800,4995.9
"2008-08-14",5014.5,5111.2,5012.4,5039,1067225200,5039
"2008-08-15",5032.1,5054.9,5009.7,5038.9,841307900,5038.9
"2008-08-18",5036.3,5087.8,4994,5043.5,685297500,5043.5
"2008-08-19",5024.7,5025.3,4930.4,4930.4,854405400,4930.4
"2008-08-20",4940.7,4997.5,4938.5,4997.5,994588400,4997.5
"2008-08-21",5009.8,5010.2,4944.4,4949.6,1054745500,4949.6
"2008-08-22",4965,5015,4963.7,5010.2,1132087500,5010.2
"2008-08-25",5019.7,5109.7,5017.3,5090.1,854813700,5090.1
"2008-08-26",5090.2,5090.2,4975.6,5082.3,808286200,5082.3
"2008-08-27",5087,5111.9,5048.3,5087.8,887525500,5087.8
"2008-08-28",5097.4,5162.1,5096.9,5143.3,1011382200,5143.3
"2008-08-29",5151,5220,5146.5,5215.5,1131386900,5215.5
"2008-09-01",5209.2,5210.3,5176,5200,719767200,5200
"2008-09-02",5182.2,5250.4,5182.2,5195,915473000,5195
"2008-09-03",5184,5213.7,5108.3,5130.5,1024980900,5130.5
"2008-09-04",5122.9,5150.1,5024.5,5050.9,1003243200,5050.9
"2008-09-05",5022.1,5022.1,4909.6,4949.5,1025675800,4949.5
"2008-09-08",4950.2,5140.6,4949.5,5126.3,947248100,5126.3
"2008-09-09",5112,5112.2,5028.7,5041.9,1012679400,5041.9
"2008-09-10",4997,4997,4912.1,4961.4,1012655400,4961.4
"2008-09-11",4970.5,4972,4871.4,4871.5,1023059700,4871.5
"2008-09-12",4889.2,4957.1,4887.4,4957.1,914669900,4957.1
"2008-09-15",4957.2,4957.5,4832.5,4875,840800300,4875
"2008-09-16",4839,4841.5,4739.3,4799.9,1363192600,4799.9
"2008-09-17",4807.8,4864.3,4749.4,4769.7,1460457100,4769.7
"2008-09-18",4722.1,4722.9,4575.2,4651.9,2124556600,4651.9
"2008-09-19",4679.1,4856.6,4679.1,4840.7,1939806800,4840.7
"2008-09-22",4945.1,5050.1,4938.8,5050.1,1338777000,5050.1
"2008-09-23",5021.3,5021.3,4920.4,4957.7,782722100,4957.7
"2008-09-24",4952.5,5015,4947.7,5008.2,1028344600,5008.2
"2008-09-25",4984.4,5010.1,4956.6,4960.8,1011194700,4960.8
"2008-09-26",4968.4,5019.3,4874,4934.6,983464400,4934.6
"2008-09-29",4935,4981.8,4815.3,4839.2,730177600,4839.2
"2008-09-30",4757.2,4757.4,4569.1,4631.3,1002389200,4631.3
"2008-10-01",4662.4,4814.5,4662.4,4814.5,672365200,4814.5
"2008-10-02",4815.7,4843.5,4771.4,4774.1,735419500,4774.1
"2008-10-03",4735.8,4735.9,4646.2,4702.8,793823100,4702.8
"2008-10-06",4697.8,4697.8,4525.7,4544.7,436237300,4544.7
"2008-10-07",4511.9,4625.9,4395.1,4597.9,993142100,4597.9
"2008-10-08",4549,4549.3,4364,4369.8,893087100,4369.8
"2008-10-09",4372.1,4374.4,4249,4291.3,1203339500,4291.3
"2008-10-10",4249.9,4249.9,3939.4,3939.5,1341044000,3939.5
"2008-10-13",3965.8,4167.9,3965.8,4141.9,1147647400,4141.9
"2008-10-14",4202.4,4403.7,4202.1,4311.5,1324061000,4311.5
"2008-10-15",4306.6,4308,4242.3,4272.5,970182400,4272.5
"2008-10-16",4206.6,4206.6,3973.2,3988.1,1008535000,3988.1
"2008-10-17",4011,4121.5,3936.6,3944.8,1059415100,3944.8
"2008-10-20",3964.1,4098.7,3964.1,4098.7,1216841300,4098.7
"2008-10-21",4135.1,4251.4,4134.3,4251.4,979746400,4251.4
"2008-10-22",4223.3,4223.3,4120,4120.1,867168000,4120.1
"2008-10-23",4061.1,4061.1,3937.3,3939.3,926910100,3939.3
"2008-10-24",3936.4,3988.9,3799.5,3831.6,841203300,3831.6
"2008-10-27",3835.2,3835.2,3725.6,3768.3,871458500,3768.3
"2008-10-28",3761.1,3764,3693.9,3755.4,1077619300,3755.4
"2008-10-29",3793.3,3931.3,3783.3,3805.8,1345085600,3805.8
"2008-10-30",3826.7,3975.8,3825.7,3957.3,1273942600,3957.3
"2008-10-31",3950.7,3982.7,3902.8,3982.7,1315467000,3982.7
"2008-11-03",4003,4173,3982.7,4173,972730200,4173
"2008-11-04",4153.6,4180.6,4095.1,4169.8,694734500,4169.8
"2008-11-05",4203,4291.9,4200.3,4287.3,1388624300,4287.3
"2008-11-06",4239.7,4240.9,4102.5,4106.5,975560000,4106.5
"2008-11-07",4063.5,4064.3,3928.6,4006.6,869728600,4006.6
"2008-11-10",4020.5,4111.1,4020.5,4060,920906100,4060
"2008-11-11",4041.9,4043.3,3889.9,3921.8,1001859200,3921.8
"2008-11-12",3907.3,3920.5,3856.6,3883.6,1005444200,3883.6
"2008-11-13",3840.1,3840.1,3672.4,3672.4,1093761300,3672.4
"2008-11-14",3713.6,3824.5,3713.6,3726,857115900,3726
"2008-11-17",3709.1,3709.7,3608.2,3639.5,767729100,3639.5
"2008-11-18",3624.4,3645.6,3500.8,3513.1,924813400,3513.1
"2008-11-19",3526.9,3556.6,3430.2,3483.2,1191153800,3483.2
"2008-11-20",3451.6,3451.6,3328.4,3332.6,1227997200,3332.6
"2008-11-21",3308,3386.9,3201.5,3386.9,1380640700,3386.9
"2008-11-24",3397.8,3414.7,3337.1,3388.8,941694700,3388.8
"2008-11-25",3433.8,3575.4,3432.8,3575.4,1294310500,3575.4
"2008-11-26",3570.2,3570.2,3478.3,3479.6,947384200,3479.6
"2008-11-27",3526.2,3590.8,3518.7,3528.2,1001289700,3528.2
"2008-11-28",3542.4,3672.8,3542.4,3672.7,1144487100,3672.7
"2008-12-01",3669.8,3670.3,3588.2,3619,821107300,3619
"2008-12-02",3576.2,3576.2,3473.4,3473.4,894325700,3473.4
"2008-12-03",3496.3,3559.4,3444,3476.5,786861800,3476.5
"2008-12-04",3493.4,3544.5,3458.7,3468.1,907507600,3468.1
"2008-12-05",3449.2,3490.3,3424.4,3427.2,821059500,3427.2
"2008-12-08",3441.8,3568.3,3441,3553.8,901316300,3553.8
"2008-12-09",3575,3576.4,3495.2,3533.7,925279800,3533.7
"2008-12-10",3537.5,3583.9,3491.9,3573.3,916221900,3573.3
"2008-12-11",3590.4,3602,3492.7,3534.2,911336300,3534.2
"2008-12-12",3524.3,3524.3,3418.7,3452.5,858306700,3452.5
"2008-12-15",3474.4,3599,3474.1,3535.7,1000419400,3535.7
"2008-12-16",3533.4,3533.4,3455.9,3498.9,1093167800,3498.9
"2008-12-17",3512.8,3573.5,3496.3,3515,1101142500,3515
"2008-12-18",3521.2,3521.7,3466.1,3521.7,2214856400,3521.7
"2008-12-19",3500.3,3553.2,3455.6,3547.2,1829827400,3547.2
"2008-12-22",3550.9,3555.6,3488.8,3492.3,680905300,3492.3
"2008-12-23",3486.8,3507.2,3435.5,3468.2,685914400,3468.2
"2008-12-24",3470.6,3530,3465.9,3515,423475700,3515
"2008-12-26",3515,3515,3515,3515,0,3515
"2008-12-29",3526.5,3586.5,3511.1,3554.2,569020900,3554.2
"2008-12-30",3557.1,3605.5,3533.8,3591.4,473556900,3591.4
"2008-12-31",3602.3,3666.1,3602.3,3659.3,428290500,3659.3
"2009-01-02",3660.8,3704.1,3621.5,3655.7,542029100,3655.7
"2009-01-05",3680.1,3709.6,3623.2,3638.9,1039857900,3638.9
"2009-01-06",3643.1,3706.4,3643.1,3689.2,1023273500,3689.2
"2009-01-07",3712.3,3762.5,3710.6,3728.2,1283558500,3728.2
"2009-01-08",3699.4,3699.8,3614.8,3643.6,940493900,3643.6
"2009-01-09",3654.1,3686.6,3644,3680.4,796894500,3680.4
"2009-01-12",3668.6,3668.6,3603.1,3624,721963200,3624
"2009-01-13",3608.6,3608.6,3555.6,3593.9,706590900,3593.9
"2009-01-14",3602.1,3627.9,3581.2,3624.3,726901100,3624.3
"2009-01-15",3590.6,3591.8,3463.2,3476.8,767706000,3476.8
"2009-01-16",3494.1,3519.2,3487.3,3494.9,716530400,3494.9
"2009-01-19",3500.3,3542.6,3500.3,3531,552664000,3531
"2009-01-20",3508.9,3508.9,3393.9,3425,699748100,3425
"2009-01-21",3410.5,3410.8,3363.6,3394.8,778802300,3394.8
"2009-01-22",3407.1,3439.6,3397.9,3431.9,707265300,3431.9
"2009-01-23",3418.6,3418.8,3300.2,3300.3,924189100,3300.3
"2009-01-27",3328.6,3393.8,3327,3392.3,758879600,3392.3
"2009-01-28",3398.4,3444.9,3365.6,3435.1,805770800,3435.1
"2009-01-29",3460.6,3496.5,3442.9,3461.3,981432700,3461.3
"2009-01-30",3450.3,3484.8,3410.4,3478.1,1013285000,3478.1
"2009-02-02",3460,3467.2,3426.9,3443.5,707520900,3443.5
"2009-02-03",3450.3,3516.4,3448.2,3449.1,1058865400,3449.1
"2009-02-04",3444.5,3454.3,3374.8,3382.3,1008116400,3382.3
"2009-02-05",3400.6,3403.6,3361.6,3372.6,974966000,3372.6
"2009-02-06",3383.4,3432.3,3383.3,3407.5,858786300,3407.5
"2009-02-09",3431.9,3463,3429.7,3445.8,851453800,3445.8
"2009-02-10",3452.2,3459.3,3404.9,3428.6,824959100,3428.6
"2009-02-11",3402.5,3418.1,3354.6,3418.1,756126000,3418.1
"2009-02-12",3419.3,3493.3,3418,3458.5,951043800,3458.5
"2009-02-13",3453.1,3497.8,3451.2,3496.7,836160700,3496.7
"2009-02-16",3488.2,3488.2,3446.1,3461.3,641253700,3461.3
"2009-02-17",3453.9,3481.9,3398.3,3412.2,1084115700,3412.2
"2009-02-18",3387.2,3389,3323.5,3366.9,1142128800,3366.9
"2009-02-19",3367,3423.2,3345.9,3398,1070836900,3398
"2009-02-20",3398.3,3399.2,3334.4,3353,861029500,3353
"2009-02-23",3339.8,3339.8,3269.4,3304.1,909920000,3304.1
"2009-02-24",3288,3290.8,3255,3285,945366500,3285
"2009-02-25",3305.6,3332.4,3271.4,3281.5,1083960100,3281.5
"2009-02-26",3281.7,3316.4,3275.9,3297.4,1040568600,3297.4
"2009-02-27",3296.3,3313.6,3264.2,3296.9,1472134100,3296.9
"2009-03-02",3283.4,3284.4,3190.7,3203.8,1006180200,3203.8
"2009-03-03",3204.2,3204.2,3112.6,3171.4,1107290400,3171.4
"2009-03-04",3161.4,3164.2,3102,3125.9,992971900,3125.9
"2009-03-05",3154.4,3177.1,3141.4,3148.8,1151761900,3148.8
"2009-03-06",3132.2,3133.1,3091.6,3111.7,971305000,3111.7
"2009-03-09",3128.4,3142.9,3104.2,3121.7,729280000,3121.7
"2009-03-10",3116,3143.2,3090.8,3143.2,953463900,3143.2
"2009-03-11",3171.4,3217.4,3170.8,3199.1,1286824000,3199.1
"2009-03-12",3207.5,3225.1,3181.1,3190.4,913094500,3190.4
"2009-03-13",3207.5,3302.1,3206.9,3294.7,1410720800,3294.7
"2009-03-16",3295.7,3321.9,3289.3,3297.3,1587250500,3297.3
"2009-03-17",3300.1,3393.4,3299.3,3393.4,1349705100,3393.4
"2009-03-18",3395.6,3425.8,3376.2,3386.2,1624000300,3386.2
"2009-03-19",3394,3435.7,3393.9,3416.8,2260150800,3416.8
"2009-03-20",3432.5,3432.6,3404.7,3405,1706623200,3405
"2009-03-23",3408.1,3483.1,3397,3483.1,1166156000,3483.1
"2009-03-24",3508.2,3574.8,3508.2,3517.3,1383736800,3517.3
"2009-03-25",3517.3,3560.6,3499,3546.2,1172558100,3546.2
"2009-03-26",3548.1,3602.6,3541.1,3586.3,1306194500,3586.3
"2009-03-27",3595.3,3645.8,3595.3,3615.6,1376619400,3615.6
"2009-03-30",3603.4,3604.1,3544.3,3554.2,887484500,3554.2
"2009-03-31",3539.1,3566.9,3519.6,3532.3,1290952100,3532.3
"2009-04-01",3533.5,3546.7,3503.8,3527.2,1164738200,3527.2
"2009-04-02",3539.5,3640.9,3539.2,3622.2,1471350800,3622.2
"2009-04-03",3643.4,3688.2,3643.4,3674,1568484200,3674
"2009-04-06",3673,3700.7,3672.7,3696.4,1330231600,3696.4
"2009-04-07",3684.8,3685,3646.3,3648.5,1359552400,3648.5
"2009-04-08",3635.5,3635.5,3560.2,3567.5,1063288600,3567.5
"2009-04-09",3574.1,3619.5,3573.6,3617.5,898159600,3617.5
"2009-04-14",3639.8,3718.3,3639.4,3697.9,1129720200,3697.9
"2009-04-15",3691.7,3707.6,3682.3,3693.9,1129808700,3693.9
"2009-04-16",3699.1,3750.5,3698.8,3725.6,1230515900,3725.6
"2009-04-17",3734.6,3795.9,3728.1,3728.1,1384327200,3728.1
"2009-04-20",3729.1,3739.3,3687.3,3722.6,1115190300,3722.6
"2009-04-21",3695.9,3695.9,3618.5,3633.1,1054744500,3633.1
"2009-04-22",3643.4,3657.6,3620.6,3627.2,1115905000,3627.2
"2009-04-23",3634.5,3696.9,3632.7,3695.8,1179634200,3695.8
"2009-04-24",3697,3706.7,3645.3,3668.2,1184644700,3668.2
"2009-04-27",3679.7,3735,3643.4,3690,957587200,3690
"2009-04-28",3687.3,3734,3664.2,3671.7,1075239300,3671.7
"2009-04-29",3660,3686.8,3646.5,3661.9,1183128700,3661.9
"2009-04-30",3662,3760.8,3661.9,3744.7,1378827000,3744.7
"2009-05-01",3736.9,3747.9,3721,3737.9,995318300,3737.9
"2009-05-04",3748.2,3846,3748.2,3846,1229040200,3846
"2009-05-05",3863,3907.3,3849.3,3862.2,1633134000,3862.2
"2009-05-06",3862.2,3878.2,3826.1,3840.1,1615390300,3840.1
"2009-05-07",3861.2,3925.5,3860.8,3912.1,1959168400,3912.1
"2009-05-08",3895,3920.5,3884.2,3919.6,1349375200,3919.6
"2009-05-11",3921.4,3941.7,3887.4,3910.5,1972241200,3910.5
"2009-05-12",3900.5,3900.5,3843.7,3863.6,1359239600,3863.6
"2009-05-13",3864.1,3879.5,3827.2,3842.5,1402274600,3842.5
"2009-05-14",3813.9,3814.2,3709.5,3710.8,1455178000,3710.8
"2009-05-15",3727.6,3775.7,3726.9,3758.9,1289304900,3758.9
"2009-05-18",3750.5,3750.5,3703.7,3721.6,1024138600,3721.6
"2009-05-19",3742.4,3804.3,3741.9,3800.6,1357188800,3800.6
"2009-05-20",3808.2,3814.6,3778.7,3808.9,1205489900,3808.9
"2009-05-21",3808.6,3816.9,3782.5,3804.7,1353585400,3804.7
"2009-05-22",3788.9,3789.6,3744.5,3755.4,1234922500,3755.4
"2009-05-25",3757.3,3778.3,3719.8,3735.3,960594900,3735.3
"2009-05-26",3734.1,3781.6,3722.1,3781.6,1160078300,3781.6
"2009-05-27",3790.9,3828.4,3790.5,3795.3,1586348600,3795.3
"2009-05-28",3779.5,3780,3736.7,3753.9,1332328700,3753.9
"2009-05-29",3754.2,3817.2,3753.9,3813.3,1930771800,3813.3
"2009-06-01",3813.2,3887.9,3807.7,3887.9,1511701700,3887.9
"2009-06-02",3903.1,3957.4,3903.1,3948.1,1864991000,3948.1
"2009-06-03",3947.7,4009.4,3943.3,4009.3,1845889200,4009.3
"2009-06-04",4009.3,4009.3,3925.6,3932.5,1719375000,3932.5
"2009-06-05",3932.5,4016.9,3932.5,3969,1854857600,3969
"2009-06-09",3959.3,3992.6,3933.6,3933.6,1646967600,3933.6
"2009-06-10",3947.8,4016.3,3947,4016.3,1829197000,4016.3
"2009-06-11",4013.6,4052.3,4013.3,4047.3,1671134700,4047.3
"2009-06-12",4046.7,4078.3,4038.8,4061.5,1898499000,4061.5
"2009-06-15",4050.4,4058.6,4030.4,4030.4,1955604800,4030.4
"2009-06-16",4014.5,4015.9,3950.3,3957.9,1478201700,3957.9
"2009-06-17",3941.9,3942.1,3875.7,3904.2,1656255800,3904.2
"2009-06-18",3897.4,3914.9,3868.8,3887.4,1712425200,3887.4
"2009-06-19",3894.2,3927.4,3893.2,3894.4,1663706900,3894.4
"2009-06-22",3902.1,3924.9,3891.1,3910.8,1252107400,3910.8
"2009-06-23",3884.2,3884.2,3786.9,3793,1412880200,3793
"2009-06-24",3797.4,3807.3,3766.6,3802.2,1237348900,3802.2
"2009-06-25",3809.1,3852.9,3808.8,3851.5,1174549900,3851.5
"2009-06-26",3858.6,3909.9,3858.6,3899.5,1319376200,3899.5
"2009-06-29",3896.3,3921.7,3879.5,3882.7,1046754600,3882.7
"2009-06-30",3894.6,3947.8,3894.5,3947.8,1459245600,3947.8
"2009-07-01",3934.4,3934.4,3858.1,3872.3,1134162200,3872.3
"2009-07-02",3883.9,3907.7,3870.7,3875.2,1243860100,3875.2
"2009-07-03",3858.9,3858.9,3803.7,3826.6,1067300000,3826.6
"2009-07-06",3820.2,3820.5,3769,3784.2,823449100,3784.2
"2009-07-07",3778.6,3785.7,3761.6,3767.8,911400600,3767.8
"2009-07-08",3752.8,3766,3710.1,3766,1256161400,3766
"2009-07-09",3764.3,3766.7,3740.2,3761.4,1012106600,3761.4
"2009-07-10",3761.5,3792.8,3761.4,3790.6,856646600,3790.6
"2009-07-13",3787.2,3790.4,3736.4,3738,844521400,3738
"2009-07-14",3756.2,3858.8,3756.2,3858.8,912726700,3858.8
"2009-07-15",3862.6,3921.8,3862.4,3917.5,1110569700,3917.5
"2009-07-16",3936.2,4012,3935,3987.8,1308624700,3987.8
"2009-07-17",3993.4,4016.9,3981.2,3992.9,977644900,3992.9
"2009-07-20",3998.2,4058.7,3998.2,4044.2,976237100,4044.2
"2009-07-21",4052.8,4079.4,4042.1,4048.3,1138902200,4048.3
"2009-07-22",4052.3,4073.5,4046.5,4068.9,1322440500,4068.9
"2009-07-23",4061,4076.7,4053.3,4072.6,1468234500,4072.6
"2009-07-24",4088.2,4130.4,4088.2,4097.3,1475852800,4097.3
"2009-07-27",4104.9,4160.9,4104.9,4147.8,1234428100,4147.8
"2009-07-28",4148.7,4181.9,4148.6,4174,1416741600,4174
"2009-07-29",4162.6,4183.1,4147.5,4148.9,1568058500,4148.9
"2009-07-30",4144.6,4206.3,4142.2,4195.9,1514616300,4195.9
"2009-07-31",4215.7,4251.8,4214.4,4249.5,1932795200,4249.5
"2009-08-03",4251.5,4287.9,4250.2,4270.5,1240119700,4270.5
"2009-08-04",4294.9,4345.5,4294.9,4313.9,2199561000,4313.9
"2009-08-05",4324.6,4325.2,4272.2,4272.2,5636657200,4272.2
"2009-08-06",4278.5,4331,4278,4331,1582022800,4331
"2009-08-07",4321.6,4321.6,4281.5,4303.1,1285797800,4303.1
"2009-08-10",4314.4,4352.1,4305.1,4309.2,1791228000,4309.2
"2009-08-11",4304,4335.1,4285.8,4334.4,1540210600,4334.4
"2009-08-12",4324.6,4353.8,4299.6,4345.9,1671504200,4345.9
"2009-08-13",4354.1,4436.7,4354.1,4436.7,2234504600,4436.7
"2009-08-14",4447.3,4506.5,4447.3,4465.1,2051932200,4465.1
"2009-08-17",4456.4,4456.4,4398.1,4398.1,1403748900,4398.1
"2009-08-18",4386.4,4401.2,4357.7,4385.9,1430640600,4385.9
"2009-08-19",4386,4444.5,4382.4,4387.5,1864089600,4387.5
"2009-08-20",4408.6,4437.2,4380.7,4391.4,1662763200,4391.4
"2009-08-21",4391.3,4394.9,4278.4,4305.7,2694360400,4305.7
"2009-08-24",4329.7,4434.3,4329.2,4434.2,1405939400,4434.2
"2009-08-25",4430.7,4442.1,4400.2,4417.5,1509120100,4417.5
"2009-08-26",4418.7,4476.8,4418.7,4464.4,2250122800,4464.4
"2009-08-27",4460.7,4468.1,4434.8,4458.1,2221704000,4458.1
"2009-08-28",4466.4,4497.2,4466,4495.9,1908021200,4495.9
"2009-08-31",4493.2,4540.2,4476.3,4484.1,2045021600,4484.1
"2009-09-01",4481.6,4520,4469.7,4511.3,1541666200,4511.3
"2009-09-02",4490.8,4490.8,4412.4,4436.6,1609031600,4436.6
"2009-09-03",4432.8,4448.2,4412.5,4432.9,1408655400,4432.9
"2009-09-04",4445.3,4480.2,4441.1,4442.7,1768366000,4442.7
"2009-09-07",4449.6,4473.8,4448.4,4461.1,1846245800,4461.1
"2009-09-08",4467.2,4529.9,4467.2,4527.8,1812606800,4527.8
"2009-09-09",4535.3,4558.3,4510.6,4527.1,1853315200,4527.1
"2009-09-10",4528.4,4578.8,4528.4,4573.5,1974461600,4573.5
"2009-09-11",4578.4,4606.8,4578,4596.3,1665406000,4596.3
"2009-09-14",4596.5,4596.5,4525.4,4536.1,1346823900,4536.1
"2009-09-15",4545.4,4587.4,4535.5,4547.2,1957651200,4547.2
"2009-09-16",4558.3,4653.5,4557.6,4652.8,1885091200,4652.8
"2009-09-17",4663.1,4746.8,4663.1,4714,2235605400,4714
"2009-09-18",4703.4,4703.6,4662.2,4693.7,2265912800,4693.7
"2009-09-21",4688.6,4704.2,4673,4684.1,1392954900,4684.1
"2009-09-22",4679.2,4688.4,4664.2,4671.1,1390644200,4671.1
"2009-09-23",4671.1,4741.5,4671.1,4741,1510029300,4741
"2009-09-24",4729.6,4732.4,4701.2,4707.9,1747790400,4707.9
"2009-09-25",4694.6,4726.7,4646.3,4714.8,2377333200,4714.8
"2009-09-28",4706.4,4707.8,4649.8,4676.9,1325533100,4676.9
"2009-09-29",4694.1,4761.8,4694.1,4747.2,1442416500,4747.2
"2009-09-30",4741.9,4759.5,4726.4,4739.3,1634055800,4739.3
"2009-10-01",4735.5,4752.8,4698,4702,1333796300,4702
"2009-10-02",4675.5,4675.5,4603.8,4606.1,1289011000,4606.1
"2009-10-05",4605.7,4621,4579.3,4579.3,592473300,4579.3
"2009-10-06",4593.8,4644.7,4589.3,4597.2,1275468700,4597.2
"2009-10-07",4616.6,4706.3,4616.4,4695.9,1437633100,4695.9
"2009-10-08",4697,4772.6,4689.3,4763.3,1636516700,4763.3
"2009-10-09",4774.2,4799.4,4749.5,4754.5,1626692500,4754.5
"2009-10-12",4762.2,4789.1,4743.4,4745.5,1138634700,4745.5
"2009-10-13",4749.4,4799.6,4749.4,4789.8,1334320400,4789.8
"2009-10-14",4787.1,4842.2,4786.2,4834,1305632000,4834
"2009-10-15",4847,4897.5,4847,4862.5,1820259000,4862.5
"2009-10-16",4862,4880,4840.9,4842.6,1236616600,4842.6
"2009-10-19",4837.3,4837.3,4781.6,4801.8,1034928000,4801.8
"2009-10-20",4816.3,4876,4815.9,4852.8,1685946000,4852.8
"2009-10-21",4845.6,4848.6,4827.2,4846.2,1643800600,4846.2
"2009-10-22",4838.9,4849.8,4816.9,4818.8,1390610700,4818.8
"2009-10-23",4831.1,4869,4831.1,4859.7,1943838400,4859.7
"2009-10-26",4847.5,4848.9,4814.7,4832.6,1044974600,4832.6
"2009-10-27",4817.6,4817.6,4752.6,4755,1616949800,4755
"2009-10-28",4753,4765.5,4685.4,4687.3,1583994800,4687.3
"2009-10-29",4658.8,4659.2,4563.2,4575.2,1992909200,4575.2
"2009-10-30",4601,4674.7,4601,4646.9,1856478200,4646.9
"2009-11-02",4617.1,4617.4,4520.7,4546.3,1269343300,4546.3
"2009-11-03",4553.3,4584.3,4527.9,4540,894707200,4540
"2009-11-04",4542.7,4565.5,4526.9,4547.6,0,4547.6
"2009-11-05",4544.9,4568.8,4515.3,4519.2,1381325200,4519.2
"2009-11-06",4537.1,4604.4,4536.9,4604.4,1324790600,4604.4
"2009-11-09",4607.2,4691.7,4607.1,4686.5,1466643900,4686.5
"2009-11-10",4705.6,4767.9,4705,4744,1635235600,4744
"2009-11-11",4746.5,4775.2,4744.6,4765.9,1427505400,4765.9
"2009-11-12",4769.6,4802.5,4757.2,4758.2,1280216500,4758.2
"2009-11-13",4745.2,4745.2,4706.6,4722.6,1257030900,4722.6
"2009-11-16",4731.6,4775,4731.6,4773.8,1367329800,4773.8
"2009-11-17",4785.5,4817.2,4750.2,4750.2,1411932200,4750.2
"2009-11-18",4757,4798.4,4755.2,4759.6,1428016700,4759.6
"2009-11-19",4764,4780.1,4748.7,4767.8,0,4767.8
"2009-11-20",4754.4,4754.4,4694.7,4706.7,1007809900,4706.7
"2009-11-23",4710,4746.3,4704.9,4739.2,1037742900,4739.2
"2009-11-24",4746,4784.5,4708.2,4708.2,1163100100,4708.2
"2009-11-25",4713.2,4741.4,4697.3,4741,1510529100,4741
"2009-11-26",4749.2,4768.1,4719,4727.6,1213746300,4727.6
"2009-11-27",4696.9,4696.9,4587.5,4597.2,1518265700,4597.2
"2009-11-30",4615.2,4721,4615.2,4715.5,1260913400,4715.5
"2009-12-01",4712,4733.1,4693.5,4733.1,1021861100,4733.1
"2009-12-02",4745.9,4806.1,4745.8,4776.7,1454802400,4776.7
"2009-12-03",4778.7,4799.4,4768.9,4789.3,1375324000,4789.3
"2009-12-04",4777,4777.2,4707.3,4721.2,1100012200,4721.2
"2009-12-07",4726.2,4740.3,4671.8,4695.2,997872300,4695.2
"2009-12-08",4695.2,4711.2,4671.8,4686.4,1235561700,4686.4
"2009-12-09",4679,4679,4614.1,4652.6,1201151300,4652.6
"2009-12-10",4652.1,4665.5,4614.1,4622.9,1418144400,4622.9
"2009-12-11",4627.8,4660,4627.8,4651.4,1096457300,4651.4
"2009-12-14",4651.7,4668.2,4626.6,4668.2,0,4668.2
"2009-12-15",4673.1,4702.6,4671.8,4687.8,1256272800,4687.8
"2009-12-16",4685.4,4701.3,4671.9,4676.1,1098694300,4676.1
"2009-12-17",4686.3,4718.8,4667.7,4689.6,1923852600,4689.6
"2009-12-18",4674.9,4677.5,4629.4,4671.9,1584607800,4671.9
"2009-12-21",4680.5,4710.7,4659.5,4659.5,20689200,4659.5
"2009-12-22",4666.6,4724.4,4666.6,4724.4,776196700,4724.4
"2009-12-23",4724.6,4758.6,4715.7,4756.1,691622400,4756.1
"2009-12-24",4764.8,4803.3,4764.8,4803.3,482020300,4803.3
"2009-12-29",4808.7,4868.1,4808.7,4856.7,644153700,4856.7
"2009-12-30",4856.2,4877.6,4846,4847,478423900,4847
"2009-12-31",4854.9,4884.5,4854.9,4882.7,396949100,4882.7
"2010-01-04",4877.7,4901.1,4876.3,4889.8,596439900,4889.8
"2010-01-05",4899.8,4944.8,4899.8,4939.5,1036772400,4939.5
"2010-01-06",4943.7,4954.6,4935.6,4946.8,1069955900,4946.8
"2010-01-07",4948.2,4963.6,4929.7,4930.5,1076603600,4930.5
"2010-01-08",4931.4,4964.2,4931.3,4942.2,832942400,4942.2
"2010-01-11",4950.7,4984,4950.5,4981.2,893448000,4981.2
"2010-01-12",4970.8,4972,4926.1,4931.6,942061000,4931.6
"2010-01-13",4919.6,4920.3,4885.1,4900.1,1023661000,4900.1
"2010-01-14",4906.7,4949.9,4906,4929.4,839685600,4929.4
"2010-01-15",4928.3,4938.7,4893.2,4929.5,974586500,4929.5
"2010-01-18",4921.3,4941.6,4896.3,4936.1,943892600,4936.1
"2010-01-19",4939.3,4953.2,4889.6,4889.6,1072837800,4889.6
"2010-01-20",4901.8,4932.7,4893.4,4895.1,1005330500,4895.1
"2010-01-21",4882.6,4883,4845.1,4849.6,1366036700,4849.6
"2010-01-22",4819.6,4819.6,4740.7,4771.9,1415849000,4771.9
"2010-01-25",4749.9,4750.5,4702.6,4743.1,997700500,4743.1
"2010-01-27",4732.9,4734.2,4655.4,4670,1354866800,4670
"2010-01-28",4677,4699.2,4667.9,4697.7,1294518600,4697.7
"2010-01-29",4683,4683.3,4592.9,4596.9,1570721100,4596.9
"2010-02-01",4596.2,4609.1,4544.7,4544.8,1351600000,4544.8
"2010-02-02",4568.2,4628.8,4566.7,4628.8,1323440500,4628.8
"2010-02-03",4651.6,4682.6,4646.5,4673.2,1334704700,4673.2
"2010-02-04",4665.1,4666.4,4623.9,4644.1,1208389500,4644.1
"2010-02-05",4607.6,4610.5,4508.3,4532.5,1577595100,4532.5
"2010-02-08",4539.4,4567.5,4534.7,4538.8,932021900,4538.8
"2010-02-09",4531.5,4531.7,4483.3,4520.7,1083713900,4520.7
"2010-02-10",4546.4,4587.3,4519.6,4533,1160325000,4533
"2010-02-11",4531.8,4584.5,4531,4575.8,1018008500,4575.8
"2010-02-12",4587,4616.4,4570.8,4588.8,1358478600,4588.8
"2010-02-15",4585.8,4593.1,4564,4570.4,749265000,4570.4
"2010-02-16",4575,4619.6,4575,4590.8,1000438600,4590.8
"2010-02-17",4607.5,4690.6,4606.9,4686.8,1204838400,4686.8
"2010-02-18",4691.4,4692.6,4655.4,4673.9,1167991100,4673.9
"2010-02-19",4680.4,4691.1,4632.9,4656.3,1390910400,4656.3
"2010-02-22",4673.4,4732.7,4673.4,4732.7,1090157000,4732.7
"2010-02-23",4722.4,4731,4703,4731,1297026100,4731
"2010-02-24",4717,4717,4659,4666,1514123800,4666
"2010-02-25",4672.8,4706.1,4612,4614.9,1395527900,4614.9
"2010-02-26",4626,4651.1,4612.8,4651.1,1556814800,4651.1
"2010-03-01",4647,4694.9,4647,4694.9,1565454900,4694.9
"2010-03-02",4701.9,4724.1,4693.9,4709.9,1050212200,4709.9
"2010-03-03",4715.8,4752.5,4714.4,4743.8,1501106800,4743.8
"2010-03-04",4750.4,4758.9,4733.6,4757.6,1400378400,4757.6
"2010-03-05",4760.4,4786.2,4758.6,4773.4,1206485900,4773.4
"2010-03-08",4791.6,4836,4791.6,4819.6,1178840100,4819.6
"2010-03-09",4818,4836.1,4801.7,4829.3,1400760600,4829.3
"2010-03-10",4828.1,4845.3,4815.1,4829.8,1385451400,4829.8
"2010-03-11",4831.2,4850.8,4818.7,4825.5,1191698300,4825.5
"2010-03-12",4825.9,4847,4825,4831.5,1074395000,4831.5
"2010-03-15",4834,4849.2,4799,4799.4,1163224100,4799.4
"2010-03-16",4800.6,4819.2,4794.1,4809.1,1343407500,4809.1
"2010-03-17",4817.2,4866.9,4817.2,4866.9,1652983400,4866.9
"2010-03-18",4873.6,4888.1,4862.8,4877.7,1668553800,4877.7
"2010-03-19",4877.1,4892.2,4871.3,4890.1,1781900400,4890.1
"2010-03-22",4877.2,4877.3,4845,4847.5,1056287100,4847.5
"2010-03-23",4855.5,4894.8,4854.9,4887.9,1436598600,4887.9
"2010-03-24",4897.1,4921.3,4897.1,4903.2,1386724800,4903.2
"2010-03-25",4895.7,4901.3,4883.3,4896.3,1330979500,4896.3
"2010-03-26",4890.5,4905.2,4848.3,4905.2,1425399600,4905.2
"2010-03-29",4910,4920.3,4899.8,4907.2,1064351600,4907.2
"2010-03-30",4916.8,4932.5,4915,4926.8,1213761100,4926.8
"2010-03-31",4922.4,4940.9,4893.1,4893.1,1547090200,4893.1
"2010-04-01",4897,4925.9,4896.6,4925.9,1503644600,4925.9
"2010-04-06",4941.6,4975.6,4941.6,4974.1,1271662400,4974.1
"2010-04-07",4974.6,4991.6,4974.6,4983.2,1467532200,4983.2
"2010-04-08",4969.2,4969.8,4954.1,4960.3,1551161200,4960.3
"2010-04-09",4965.3,4981.5,4965.1,4972.9,1303761300,4972.9
"2010-04-12",4981.2,5012.7,4981.2,5011.6,1384390100,5011.6
"2010-04-13",5006.6,5006.6,4972.2,4978.4,1562694900,4978.4
"2010-04-14",4984.3,5020.4,4983.8,5017.9,1489247600,5017.9
"2010-04-15",5025.6,5048.6,5023.6,5024.1,1670181400,5024.1
"2010-04-16",5022.3,5023.9,4997.2,5007.3,1264195800,5007.3
"2010-04-19",4990.2,4990.2,4934,4939.4,1131563400,4939.4
"2010-04-20",4938.3,4969.6,4938.3,4949.5,1179626900,4949.5
"2010-04-21",4951.3,4994.2,4950.8,4980.5,1336150700,4980.5
"2010-04-22",4970.6,4970.6,4918.4,4936.8,1221807100,4936.8
"2010-04-23",4933.9,4933.9,4908.6,4913.5,1154207800,4913.5
"2010-04-27",4918.5,4943.9,4907.3,4913.3,1425838100,4913.3
"2010-04-28",4885.8,4887.6,4817.3,4854.2,1457459300,4854.2
"2010-04-29",4850.1,4851.2,4813.1,4816.1,1375076000,4816.1
"2010-04-30",4823.1,4851.2,4820.7,4833.9,1574374300,4833.9
"2010-05-03",4812.5,4812.5,4778.3,4807.1,1381307900,4807.1
"2010-05-04",4802.1,4824.8,4753.2,4753.3,1748034000,4753.3
"2010-05-05",4730.9,4730.9,4651,4692,1928206400,4692
"2010-05-06",4674.9,4674.9,4596.2,4598.6,1843653200,4598.6
"2010-05-07",4569.3,4573.1,4450.2,4507.4,2104606400,4507.4
"2010-05-10",4521.2,4622.2,4521.2,4622.2,1537071800,4622.2
"2010-05-11",4630.3,4654.4,4573.2,4573.2,1464766600,4573.2
"2010-05-12",4579.7,4637.9,4579.5,4599.7,1337908400,4599.7
"2010-05-13",4614.3,4679.5,4613.8,4679.5,1428457900,4679.5
"2010-05-14",4667.8,4668.1,4628,4643,1121680900,4643
"2010-05-17",4622,4622,4500.7,4500.7,1420766600,4500.7
"2010-05-18",4511.4,4534.1,4477.9,4500,1512631900,4500
"2010-05-19",4487.2,4489,4414.3,4414.3,1596525500,4414.3
"2010-05-20",4417.6,4428.5,4342.4,4342.4,1711659800,4342.4
"2010-05-21",4314.7,4326.7,4194.4,4325.8,2285645000,4325.8
"2010-05-24",4338.4,4412.8,4323.6,4412.8,1290941100,4412.8
"2010-05-25",4395.3,4395.3,4286.3,4286.3,1478309300,4286.3
"2010-05-26",4312.8,4383.1,4312.8,4330.4,1752456600,4330.4
"2010-05-27",4335.7,4399.1,4315.6,4399.1,1778448600,4399.1
"2010-05-28",4415.3,4479.7,4415.3,4479,1768588800,4479
"2010-05-31",4470.4,4473.8,4448.6,4453.6,1191261000,4453.6
"2010-06-01",4454.2,4454.2,4410.8,4436.7,1256257100,4436.7
"2010-06-02",4428.1,4450.2,4397.2,4403.7,1286897800,4403.7
"2010-06-03",4424,4507.8,4423.8,4506.3,1206649400,4506.3
"2010-06-04",4493.2,4493.2,4455,4472.4,1005910600,4472.4
"2010-06-07",4438.5,4438.5,4326.3,4350.7,1159424200,4350.7
"2010-06-08",4348.4,4404.4,4347.6,4401.2,1273213200,4401.2
"2010-06-09",4405.8,4409.2,4374.1,4402.6,1276888900,4402.6
"2010-06-10",4402.9,4459,4402.9,4448.4,1416576100,4448.4
"2010-06-11",4467.6,4517.7,4467.6,4516.5,1352247600,4516.5
"2010-06-15",4516.8,4528.2,4503,4517.6,1130609600,4517.6
"2010-06-17",4570,4578,4535,4547,1365701200,4547
"2010-06-18",4546.6,4581.8,4545.7,4574.1,1324321600,4574.1
"2010-06-21",4588.5,4641.3,4587.6,4632.7,1309569400,4632.7
"2010-06-22",4624.8,4624.8,4579.9,4581.3,1268950400,4581.3
"2010-06-23",4567.9,4568.7,4509.4,4509.4,1162474800,4509.4
"2010-06-24",4524.2,4541.8,4503.3,4504.1,1171752100,4504.1
"2010-06-25",4493,4493,4436,4439.4,1347274500,4439.4
"2010-06-28",4445.1,4458,4394.5,4409.7,945625200,4409.7
"2010-06-29",4406.8,4432.6,4368.5,4370.6,1026408700,4370.6
"2010-06-30",4346.6,4346.7,4273.2,4324.8,1434356300,4324.8
"2010-07-01",4309.9,4310.9,4240,4262.7,1158297000,4262.7
"2010-07-02",4273.1,4303.9,4249.4,4264.9,1077314700,4264.9
"2010-07-05",4266,4285.6,4245.2,4250.6,814009400,4250.6
"2010-07-06",4244.5,4299.7,4213,4299.7,881979100,4299.7
"2010-07-07",4303,4312.4,4259.3,4277.8,1064193000,4277.8
"2010-07-08",4298.2,4374.1,4298.2,4374.1,1091909900,4374.1
"2010-07-09",4376.8,4415.2,4370.1,4414.5,826419200,4414.5
"2010-07-12",4415.2,4439.8,4407.8,4429.5,887354900,4429.5
"2010-07-13",4423.6,4446.5,4400,4400,910366500,4400
"2010-07-14",4418.1,4477.3,4417.2,4477.3,973838300,4477.3
"2010-07-15",4472.5,4478.5,4443.8,4456.7,1066233600,4456.7
"2010-07-16",4457.4,4470.4,4428.5,4437,862211900,4437
"2010-07-19",4420.3,4420.3,4360.5,4372.7,919310400,4372.7
"2010-07-20",4377.5,4428.1,4376.2,4418.7,1162043500,4418.7
"2010-07-21",4430.2,4449.8,4418.3,4428.7,1049410600,4428.7
"2010-07-22",4426.3,4430.8,4394.8,4394.8,930374200,4394.8
"2010-07-23",4412.2,4489.2,4411.9,4475.1,1170962000,4475.1
"2010-07-26",4482.8,4519.2,4482.7,4504.4,1057887200,4504.4
"2010-07-27",4507.4,4536.8,4504.3,4513.9,1119803400,4513.9
"2010-07-28",4514.3,4542.4,4502.8,4542.1,1111596400,4542.1
"2010-07-29",4541.1,4542.7,4517.6,4536.2,1099027900,4536.2
"2010-07-30",4531.2,4531.9,4494.9,4507.4,1274414300,4507.4
"2010-08-02",4508.9,4554.4,4508.3,4554.4,754093700,4554.4
"2010-08-03",4568.7,4597.5,4568.4,4586.5,1188513500,4586.5
"2010-08-04",4583.8,4583.9,4559.2,4559.7,1062608000,4559.7
"2010-08-05",4567,4596.6,4566.7,4584.9,1158554000,4584.9
"2010-08-06",4582.9,4586.3,4566.9,4586.3,912223800,4586.3
"2010-08-09",4580.7,4618.8,4561.2,4615.6,996268000,4615.6
"2010-08-10",4613.5,4617.6,4561.2,4563,1373074200,4563
"2010-08-11",4554.8,4555.5,4479.6,4479.6,1204136800,4479.6
"2010-08-12",4462.4,4462.4,4405.5,4422.4,1612453500,4422.4
"2010-08-13",4423.6,4480.9,4416.6,4480.9,1417142000,4480.9
"2010-08-16",4470.7,4476.3,4430.4,4465.4,1103820900,4465.4
"2010-08-17",4465.2,4510.9,4453.8,4503.2,1190445300,4503.2
"2010-08-18",4489.7,4523.7,4488.7,4503.9,1565577000,4503.9
"2010-08-19",4497.7,4509.6,4487.5,4509.6,1556832800,4509.6
"2010-08-20",4498.5,4499.3,4442.8,4462.1,1378337400,4462.1
"2010-08-23",4463.9,4470.7,4449.9,4460.5,1116593100,4460.5
"2010-08-24",4454.6,4454.6,4415.6,4418.4,1337837700,4418.4
"2010-08-25",4407.5,4407.5,4350.8,4356.6,1584512200,4356.6
"2010-08-26",4361,4389.4,4356.5,4389.4,1617259100,4389.4
"2010-08-27",4382.5,4411,4366.4,4404.1,1435900000,4404.1
"2010-08-30",4414.2,4486.1,4412.8,4483.1,1210599000,4483.1
"2010-08-31",4470.8,4473.3,4438.2,4438.8,1320041900,4438.8
"2010-09-01",4447,4531.2,4447,4526.8,1494033400,4526.8
"2010-09-02",4542.4,4583.2,4542.4,4563,1324218300,4563
"2010-09-03",4567.1,4589.1,4565.1,4577.6,1334146600,4577.6
"2010-09-06",4583.4,4615.7,4583.1,4615.7,1211705400,4615.7
"2010-09-07",4611.3,4629.7,4596.9,4613,1235891500,4613
"2010-09-08",4601.8,4607.2,4574.6,4578.3,1247295200,4578.3
"2010-09-09",4581.2,4631.2,4580.9,4621.3,1468058200,4621.3
"2010-09-10",4622,4635.1,4600.5,4600.7,1207784200,4600.7
"2010-09-13",4613.3,4660.9,4612.7,4654.2,1433713600,4654.2
"2010-09-14",4661.4,4688.9,4661.1,4669.1,1422233600,4669.1
"2010-09-15",4670.1,4710.5,4669.9,4702.7,1644565600,4702.7
"2010-09-16",4703,4707.7,4648.9,4650,1813657000,4650
"2010-09-17",4657.7,4692.5,4657.7,4685.1,1523846600,4685.1
"2010-09-20",4680.1,4680.1,4653.4,4677.1,976810700,4677.1
"2010-09-21",4684.4,4710,4664.9,4664.9,1208798500,4664.9
"2010-09-22",4664.6,4688.1,4664.6,4674.7,1118938600,4674.7
"2010-09-23",4672.2,4680.9,4659.6,4680,1006270900,4680
"2010-09-24",4669.9,4669.9,4635.3,4651.5,1173677100,4651.5
"2010-09-27",4667.4,4726.9,4667.1,4722.2,1173132100,4722.2
"2010-09-28",4717.9,4728.5,4705.3,4717,975119700,4717
"2010-09-29",4722.7,4743.3,4693,4694,1339915900,4694
"2010-09-30",4694.5,4698,4636.9,4636.9,1543750200,4636.9
"2010-10-01",4645.5,4667.6,4616.2,4634.7,961865300,4634.7
"2010-10-04",4641.7,4694.6,4641.5,4678.4,640369800,4678.4
"2010-10-05",4667.5,4672.3,4615,4660.6,1087811100,4660.6
"2010-10-06",4673.5,4744.3,4673.5,4738,1442305900,4738
"2010-10-07",4740.5,4750.4,4721.2,4746.2,1302998700,4746.2
"2010-10-08",4740.3,4746.4,4724.1,4740.5,1117332300,4740.5
"2010-10-11",4745.6,4773.5,4745.6,4762.1,1218324100,4762.1
"2010-10-12",4756.5,4756.6,4686,4686.3,1244430700,4686.3
"2010-10-13",4693.9,4724.4,4689.9,4691.1,1226222400,4691.1
"2010-10-14",4705.5,4767.8,4705.5,4765.9,1505026000,4765.9
"2010-10-15",4759.1,4763.9,4730.9,4758.2,1252454500,4758.2
"2010-10-18",4758.3,4758.3,4711.2,4723.4,1099311600,4723.4
"2010-10-19",4729.5,4751.9,4727.3,4727.3,1619097200,4727.3
"2010-10-20",4714.4,4714.4,4652.7,4694.5,1387970300,4694.5
"2010-10-21",4705.4,4730.9,4694.8,4696.4,1395443200,4696.4
"2010-10-22",4700.4,4719.6,4695.7,4719.6,1069061900,4719.6
"2010-10-25",4716.5,4794.5,4713.9,4780.6,1158757100,4780.6
"2010-10-26",4780.4,4783.1,4758.3,4761.5,1168982900,4761.5
"2010-10-27",4759.1,4770.6,4713.8,4720.5,1617114500,4720.5
"2010-10-28",4728,4766.6,4727.4,4752.8,1258892800,4752.8
"2010-10-29",4757.1,4761.2,4726.5,4733.4,1592405800,4733.4
"2010-11-01",4737.1,4776.3,4736.5,4770.9,1051732700,4770.9
"2010-11-02",4768.7,4777.3,4751.9,4773.2,1808638200,4773.2
"2010-11-03",4776.7,4804.1,4774.8,4793.8,970859400,4793.8
"2010-11-04",4788.9,4826.5,4788.1,4817.5,1206275400,4817.5
"2010-11-05",4839.5,4885.7,4838.8,4872.9,1543690100,4872.9
"2010-11-08",4874.5,4885,4852,4855.3,1204565700,4855.3
"2010-11-09",4848.7,4852,4812.4,4820.8,1567888600,4820.8
"2010-11-10",4820.7,4831.4,4767.4,4779.5,1271884600,4779.5
"2010-11-11",4784.9,4819.7,4783.6,4810.3,1318399700,4810.3
"2010-11-12",4810.2,4815.7,4767.9,4778.8,1419277300,4778.8
"2010-11-15",4780,4797.3,4767.2,4773.3,1081575400,4773.3
"2010-11-16",4781.4,4792.8,4755.4,4782.8,1260509900,4782.8
"2010-11-17",4762.3,4762.3,4703.4,4705.1,1262756100,4705.1
"2010-11-18",4705.6,4725.7,4694.6,4722.8,1356682300,4722.8
"2010-11-19",4732,4758.3,4704,4717.7,1132910300,4717.7
"2010-11-22",4726.4,4758.7,4725.5,4731.8,1098302800,4731.8
"2010-11-23",4727.5,4728.5,4675,4676.9,1546242200,4676.9
"2010-11-24",4669.8,4673.2,4638.3,4673.2,1530358600,4673.2
"2010-11-25",4682.8,4695.2,4673.4,4683.3,1545156600,4683.3
"2010-11-26",4688.2,4706.6,4685.6,4690.2,1164215200,4690.2
"2010-11-29",4686.7,4710.5,4649.3,4706.7,1071403700,4706.7
"2010-11-30",4705,4705,4675.5,4676.4,1478427000,4676.4
"2010-12-01",4673.7,4678.4,4649.1,4676.8,1159533600,4676.8
"2010-12-02",4693,4770.8,4692.6,4761.8,1315429200,4761.8
"2010-12-03",4772.6,4801.1,4769.7,4780.1,989638600,4780.1
"2010-12-06",4782.3,4794.2,4778.1,4779.4,1145833400,4779.4
"2010-12-07",4782.5,4825.5,4781.6,4816,1406997000,4816
"2010-12-08",4815.6,4815.6,4787.5,4791.7,1254809400,4791.7
"2010-12-09",4794,4832.9,4793.5,4827.5,1404290100,4827.5
"2010-12-10",4826.1,4834.7,4819,4830,1453342700,4830
"2010-12-13",4833.9,4858.9,4833.4,4841.2,1330947600,4841.2
"2010-12-14",4844.5,4857.4,4842.3,4850.9,1319725100,4850.9
"2010-12-15",4851,4864.6,4842.9,4853.4,1331442900,4853.4
"2010-12-16",4850.7,4869,4840.5,4868.8,1438964100,4868.8
"2010-12-17",4868.5,4868.5,4853,4853,1355881400,4853
"2010-12-20",4853.8,4868.6,4829.2,4829.2,985073000,4829.2
"2010-12-21",4834.3,4872.1,4833.9,4862.5,1100037800,4862.5
"2010-12-22",4866.3,4876.8,4859.9,4869.6,883900200,4869.6
"2010-12-23",4870.7,4899.3,4869.5,4888.2,861632800,4888.2
"2010-12-24",4882.4,4886.7,4859.1,4868.3,727297400,4868.3
"2010-12-29",4861.1,4877.3,4850.9,4871.6,791331400,4871.6
"2010-12-30",4874,4895.1,4873.3,4886.7,726191200,4886.7
"2010-12-31",4884.4,4885.1,4846.9,4846.9,450443000,4846.9
"2011-01-04",4858.5,4875.7,4836.2,4849.5,1032423100,4849.5
"2011-01-05",4846.1,4854.4,4811.2,4820.9,1075484200,4820.9
"2011-01-06",4823.2,4836.3,4803.7,4831.1,938336800,4831.1
"2011-01-07",4824.4,4825.4,4798.9,4812,1012783900,4812
"2011-01-10",4809.5,4820.7,4794.6,4818.7,746296200,4818.7
"2011-01-11",4816,4818,4798.8,4814.9,1059187000,4814.9
"2011-01-12",4822.1,4831.9,4815.5,4831.9,1120727700,4831.9
"2011-01-13",4843,4901.5,4842.8,4901.5,1194404600,4901.5
"2011-01-14",4896.4,4909.3,4891.3,4908.6,881335600,4908.6
"2011-01-17",4909.8,4913.5,4864.8,4872.6,849583800,4872.6
"2011-01-18",4872,4916.6,4870.8,4911.6,1024114100,4911.6
"2011-01-19",4914.1,4948.3,4901.2,4944.2,1176352400,4944.2
"2011-01-20",4933.2,4933.6,4889.4,4892,1195226300,4892
"2011-01-21",4886.4,4901.1,4847.1,4860.9,1339715500,4860.9
"2011-01-24",4860.8,4893.4,4857.3,4888.1,1065290700,4888.1
"2011-01-25",4891.1,4925,4891.1,4909,1092876800,4909
"2011-01-27",4912.9,4916,4899.2,4907,1197531800,4907
"2011-01-28",4904.8,4905,4854.9,4872.5,1176393500,4872.5
"2011-01-31",4857.6,4857.6,4816.1,4850,990059600,4850
"2011-02-01",4854.3,4864.4,4849.7,4852,1218983100,4852
"2011-02-02",4866.9,4907.9,4866.9,4897.9,1388297300,4897.9
"2011-02-03",4903.3,4922.1,4892.5,4919.3,1158561200,4919.3
"2011-02-04",4924.2,4965.6,4923.5,4958.8,1357542400,4958.8
"2011-02-07",4956.7,4966.1,4955.8,4964.3,969420800,4964.3
"2011-02-08",4971,4985.6,4968.6,4983.1,1243248300,4983.1
"2011-02-09",4991.5,5020.8,4990.9,4995.1,1437053100,4995.1
"2011-02-10",4992.6,5002.6,4992.5,5001.7,1180706000,5001.7
"2011-02-11",4997.2,4997.2,4970.6,4970.6,1082816100,4970.6
"2011-02-14",4980.1,5025.2,4975.5,5023.4,1097278400,5023.4
"2011-02-15",5023.9,5026.8,5008.4,5019.4,0,5019.4
"2011-02-16",5013.2,5027,5007.5,5018.6,1075033800,5018.6
"2011-02-17",5022.1,5032.2,5021,5026,1366372600,5026
"2011-02-18",5018.2,5028,5015.2,5026.1,1108210800,5026.1
"2011-02-21",5014.7,5015.5,4973.5,4990.9,1196569900,4990.9
"2011-02-22",5002.9,5006.4,4945.3,4947.3,1148415700,4947.3
"2011-02-23",4939.8,4943.3,4921.3,4935.6,1382828600,4935.6
"2011-02-24",4929.8,4930.4,4896.7,4901.1,1305370200,4901.1
"2011-02-25",4896.3,4933.4,4889.9,4924.9,1254648100,4924.9
"2011-02-28",4927.9,4930.5,4908.5,4923.6,725809400,4923.6
"2011-03-01",4930.9,4948,4920.4,4920.4,1464687500,4920.4
"2011-03-02",4912.8,4913,4876.6,4898.3,1617137000,4898.3
"2011-03-03",4901,4909.3,4888.1,4902.8,1804419800,4902.8
"2011-03-04",4916,4958.6,4915.8,4958.6,1513753500,4958.6
"2011-03-07",4946.8,4948.3,4891.8,4895.9,1419082700,4895.9
"2011-03-08",4893.5,4907.6,4871.4,4902.5,1312428400,4902.5
"2011-03-09",4901.5,4904.1,4854.9,4863.2,1211416500,4863.2
"2011-03-10",4858,4867.2,4790.2,4791.3,1597768000,4791.3
"2011-03-11",4778.7,4779.4,4721.4,4734.8,1661477400,4734.8
"2011-03-14",4724.9,4724.9,4650.8,4710.1,1439977000,4710.1
"2011-03-15",4707.5,4708.9,4563.8,4609.9,1864631000,4609.9
"2011-03-16",4612.5,4664.4,4609.3,4644,1971024600,4644
"2011-03-17",4633,4642.8,4559.2,4638.4,2063064400,4638.4
"2011-03-18",4652.6,4722.3,4651.8,4715.8,2653211200,4715.8
"2011-03-21",4715.1,4734.1,4699.1,4734.1,1745673000,4734.1
"2011-03-22",4739.6,4769.8,4731.8,4737.7,1413237600,4737.7
"2011-03-23",4735.6,4760.5,4732.7,4746.5,1233310700,4746.5
"2011-03-24",4753.5,4794.2,4753.5,4794.2,1138010300,4794.2
"2011-03-25",4799.6,4858.8,4799.6,4840.3,1404132800,4840.3
"2011-03-28",4832.6,4841.4,4822.3,4831.9,905306800,4831.9
"2011-03-29",4828.9,4852.1,4818.2,4851.2,1194911200,4851.2
"2011-03-30",4857.8,4928.5,4857.8,4912.7,1390819400,4912.7
"2011-03-31",4918.6,4935.5,4903.6,4928.6,1461228800,4928.6
"2011-04-01",4927.9,4969.6,4927.9,4954.6,1155366300,4954.6
"2011-04-04",4961.2,4997.9,4961.2,4984.7,1268259900,4984.7
"2011-04-05",4989.8,5004.1,4989.8,4998.6,1297423300,4998.6
"2011-04-06",4997.8,5011.7,4988.9,5011.4,1432737200,5011.4
"2011-04-07",5013,5022.8,4998.3,5005.5,1283753300,5005.5
"2011-04-08",5002.3,5037.1,5000.6,5036.5,1128777300,5036.5
"2011-04-11",5039.1,5069.5,5036.8,5064.9,1204453200,5064.9
"2011-04-12",5055.9,5058.9,4982.8,4990.2,1388768100,4990.2
"2011-04-13",4979.5,5005.8,4964.3,4999.6,1354843400,4999.6
"2011-04-14",4988.4,4989.3,4948.9,4972.4,1138219600,4972.4
"2011-04-15",4969.5,4976.5,4939.3,4939.3,1021922600,4939.3
"2011-04-18",4939.8,4965.6,4927.5,4945.4,1023736000,4945.4
"2011-04-19",4930.2,4930.2,4869.3,4874.3,1153262400,4874.3
"2011-04-20",4882.5,4940.2,4882.5,4940.2,1063603900,4940.2
"2011-04-21",4951.5,4996.5,4950.5,4995.7,942252600,4995.7
"2011-04-27",5001.1,5012.3,4951.3,4954,1218091500,4954
"2011-04-28",4958.8,4990.9,4951.3,4952.3,1258338900,4952.3
"2011-04-29",4954.1,4954.1,4872.7,4899,1484296500,4899
"2011-05-02",4901.4,4909.9,4838.1,4896.2,1172871800,4896.2
"2011-05-03",4883.5,4883.5,4840.5,4854.7,1291495100,4854.7
"2011-05-04",4850.1,4850.2,4805,4813.8,1411258000,4813.8
"2011-05-05",4810,4831,4790,4828.9,1407824800,4828.9
"2011-05-06",4810.7,4832.6,4786.8,4816.1,1427948900,4816.1
"2011-05-09",4824.7,4867.9,4824.7,4831.7,1003853500,4831.7
"2011-05-10",4835.5,4857.6,4803.6,4803.6,1220271800,4803.6
"2011-05-11",4816.4,4861.2,4816.4,4858.2,1213593900,4858.2
"2011-05-12",4836.1,4836.2,4776.6,4776.6,1512026300,4776.6
"2011-05-13",4779.1,4792.5,4754.7,4787.3,1110034800,4787.3
"2011-05-16",4770.1,4770.7,4718.1,4724.2,1049508400,4724.2
"2011-05-17",4731.1,4753.8,4721.4,4753,1112584900,4753
"2011-05-18",4750.1,4774.6,4747.3,4765.3,1165716500,4765.3
"2011-05-19",4775.9,4833.9,4775.9,4828.2,1415495100,4828.2
"2011-05-20",4818.3,4818.5,4802.9,4807.7,1058084400,4807.7
"2011-05-23",4797.7,4797.7,4722.9,4722.9,1022502600,4722.9
"2011-05-24",4718.3,4720,4676.2,4708.3,1214564800,4708.3
"2011-05-25",4712.1,4713.2,4661.1,4661.6,1224193200,4661.6
"2011-05-26",4676.1,4735.1,4675.5,4735.1,1337711400,4735.1
"2011-05-27",4734.8,4764.2,4727.2,4760.3,1058675000,4760.3
"2011-05-30",4760.9,4761.4,4739.6,4746.1,882819400,4746.1
"2011-05-31",4750.5,4796,4749.7,4788.9,1506238800,4788.9
"2011-06-01",4791.6,4804.1,4776.5,4788.6,1172898300,4788.6
"2011-06-02",4769.4,4770,4675.1,4683.2,1225446500,4683.2
"2011-06-03",4685,4696.1,4661.8,4666.6,1032485200,4666.6
"2011-06-06",4661.5,4661.5,4635.8,4648.7,938867000,4648.7
"2011-06-07",4641.1,4648.7,4609.5,4641.1,1229318300,4641.1
"2011-06-08",4646.2,4648.8,4591.8,4608.7,1220747400,4608.7
"2011-06-09",4607,4629,4592.8,4621.7,1353062600,4621.7
"2011-06-10",4628.7,4660.5,4625.4,4634.9,1062709200,4634.9
"2011-06-14",4623.8,4657.3,4582.3,4651.1,1244515900,4651.1
"2011-06-15",4650.7,4656.7,4624.9,4635.4,1286111800,4635.4
"2011-06-16",4617.7,4619.1,4546.7,4546.7,1725467000,4546.7
"2011-06-17",4553.4,4589.6,4532.9,4551.1,1921973600,4551.1
"2011-06-20",4553.4,4583.6,4512.5,4512.5,1309021200,4512.5
"2011-06-21",4524.6,4565.7,4523.8,4565.2,1276560100,4565.2
"2011-06-22",4579.3,4622,4579.1,4590.8,1405206700,4590.8
"2011-06-23",4585.6,4599.4,4560.5,4561.4,1376307300,4561.4
"2011-06-24",4562.6,4576.8,4549.1,4565,1404596100,4565
"2011-06-27",4559.3,4559.5,4508,4513.8,1254267100,4513.8
"2011-06-28",4527.4,4553.5,4513.3,4523.2,1225724700,4523.2
"2011-06-29",4538.2,4582.3,4538.2,4579.8,1185189700,4579.8
"2011-06-30",4586.5,4660.6,4586.4,4659.8,1411231700,4659.8
"2011-07-01",4664,4675.8,4634.4,4647.9,1211545400,4647.9
"2011-07-04",4658.6,4695.8,4658.6,4670.4,1066313900,4670.4
"2011-07-05",4676.9,4686.5,4652.2,4656.9,924218000,4656.9
"2011-07-06",4659.9,4671.4,4640.6,4663.6,1024282100,4663.6
"2011-07-07",4660.7,4676.8,4645.6,4666.1,855405200,4666.1
"2011-07-08",4675.1,4717.5,4675,4716,1214604300,4716
"2011-07-11",4703.9,4703.9,4644.7,4646.8,1265247100,4646.8
"2011-07-12",4636.3,4636.3,4560.5,4563.5,1961546000,4563.5
"2011-07-13",4567.1,4595.7,4556,4583.2,1339244900,4583.2
"2011-07-14",4583.7,4583.7,4537.9,4561.3,1540286500,4561.3
"2011-07-15",4547.3,4555.2,4525.1,4542.7,1044752900,4542.7
"2011-07-18",4542.3,4544.9,4520.1,4539.9,1025761000,4539.9
"2011-07-19",4530.5,4550.7,4515.3,4539.4,1125987700,4539.4
"2011-07-20",4555.5,4618.4,4554.8,4618.4,1250187700,4618.4
"2011-07-21",4620,4644.7,4620,4626.2,1136018800,4626.2
"2011-07-22",4634.9,4681,4634.9,4674.1,1255075500,4674.1
"2011-07-25",4667.4,4667.5,4603.3,4603.8,1313963100,4603.8
"2011-07-26",4609.2,4653.5,4609.1,4646.3,1215422000,4646.3
"2011-07-27",4638.7,4643.2,4611.8,4612.6,1192609800,4612.6
"2011-07-28",4594.8,4595,4539.1,4539.2,1259202700,4539.2
"2011-07-29",4541.7,4543.6,4496.7,4500.5,1325159800,4500.5
"2011-08-01",4515,4589.6,4514.1,4573.1,856187800,4573.1
"2011-08-02",4556.5,4556.7,4506.9,4510.3,986185200,4510.3
"2011-08-03",4484.5,4484.5,4404.2,4408.3,1378977800,4408.3
"2011-08-04",4412.8,4433.2,4352.5,4352.9,1412524100,4352.9
"2011-08-05",4302.4,4302.4,4150.7,4169.7,2376222800,4169.7
"2011-08-08",4144.3,4151.7,4053.3,4056.7,1909732800,4056.7
"2011-08-09",4021.7,4103.3,3829.4,4096.7,2557758400,4096.7
"2011-08-10",4132.6,4227.8,4132.6,4207.4,1876116800,4207.4
"2011-08-11",4176.5,4229,4123.9,4203.5,1674917300,4203.5
"2011-08-12",4217.9,4280.5,4217.5,4237.9,1463056100,4237.9
"2011-08-15",4256.8,4346.8,4254.7,4346.8,1172996200,4346.8
"2011-08-16",4349.1,4364.8,4309.1,4317.3,1257496800,4317.3
"2011-08-17",4320.1,4390.5,4317.5,4371.8,1158775700,4371.8
"2011-08-18",4369.7,4374,4313.7,4319.4,1373065800,4319.4
"2011-08-19",4281.8,4283.1,4169.7,4171.9,1435394000,4171.9
"2011-08-22",4169.5,4229.4,4145.3,4150.8,1393793100,4150.8
"2011-08-23",4154.3,4239.9,4154.3,4239.8,1467679900,4239.8
"2011-08-24",4252.1,4304.9,4230.2,4235.7,1212711300,4235.7
"2011-08-25",4248.4,4299,4248.4,4280.5,1368300800,4280.5
"2011-08-26",4274.9,4297.1,4267.2,4271,1237122500,4271
"2011-08-29",4279.8,4352.6,4279.8,4333.7,1044239000,4333.7
"2011-08-30",4344.5,4378.2,4335.6,4341.4,1169958900,4341.4
"2011-08-31",4341.8,4369.9,4328.2,4369.9,1249338000,4369.9
"2011-09-01",4371.6,4425.4,4371.6,4382.7,1471553800,4382.7
"2011-09-02",4371.3,4371.3,4305.5,4321.5,1030563000,4321.5
"2011-09-05",4302.1,4303,4218.4,4224.2,1031859200,4224.2
"2011-09-06",4206.7,4206.7,4157.3,4160.7,1165443200,4160.7
"2011-09-07",4180.4,4262.9,4180.4,4262.9,1182384000,4262.9
"2011-09-08",4274.7,4297.9,4243.8,4269.8,1218056200,4269.8
"2011-09-09",4268,4311.4,4264.4,4277.4,958563400,4277.4
"2011-09-12",4254.5,4255.1,4125.1,4125.1,1101636000,4125.1
"2011-09-13",4137.5,4178.8,4136.2,4158.4,1239129100,4158.4
"2011-09-14",4161.9,4193.1,4083.3,4090.4,1378743300,4090.4
"2011-09-15",4113,4181.6,4110.1,4153.2,1402248000,4153.2
"2011-09-16",4165.6,4236.6,4165.6,4229.9,1780920800,4229.9
"2011-09-19",4221.4,4222.7,4155,4164.1,852635200,4164.1
"2011-09-20",4160,4164.2,4113.4,4124.8,910765200,4124.8
"2011-09-21",4133.4,4154.8,4111,4153.6,1194655300,4153.6
"2011-09-22",4128.8,4128.9,4034,4044.7,1664628400,4044.7
"2011-09-23",4025.9,4037.1,3957.3,3978.5,1808530400,3978.5
"2011-09-26",3991.2,4025.6,3926.5,3927.6,1550179800,3927.6
"2011-09-27",3952.2,4063.5,3950.4,4063.5,1617425800,4063.5
"2011-09-28",4070.8,4111.8,4069.3,4097.7,1595424500,4097.7
"2011-09-29",4081.4,4083.2,4023.5,4067.9,1259908400,4067.9
"2011-09-30",4073.8,4094.1,4043.8,4070.1,2591729200,4070.1
"2011-10-03",4053.7,4054.4,3958,3960.7,699733600,3960.7
"2011-10-04",3955.4,3965.2,3905.2,3935.6,1452371500,3935.6
"2011-10-05",3957.9,4013.6,3954.8,3992.5,1609227100,3992.5
"2011-10-06",4007.5,4132.1,4007.5,4132.1,1322706500,4132.1
"2011-10-07",4144.5,4242.4,4144.5,4225,1523854900,4225
"2011-10-10",4219.9,4277,4210.6,4262.3,997685200,4262.3
"2011-10-11",4275.5,4306.6,4267.7,4288.8,1118784500,4288.8
"2011-10-12",4277.1,4277.3,4231.3,4266.4,1005829000,4266.4
"2011-10-13",4277.6,4316.9,4269.7,4306,1149627700,4306
"2011-10-14",4295.4,4295.4,4260.1,4269,792788000,4269
"2011-10-17",4283.7,4348.1,4283,4337.9,744104400,4337.9
"2011-10-18",4319.2,4319.2,4249.4,4249.5,842915800,4249.5
"2011-10-19",4257.9,4293.5,4256.1,4274.8,963180200,4274.8
"2011-10-20",4263.5,4264,4199.4,4206.8,901825400,4206.8
"2011-10-21",4207.7,4228.3,4193.5,4203.4,835319400,4203.4
"2011-10-24",4216,4322,4215.9,4313.6,794128000,4313.6
"2011-10-25",4325.5,4326.3,4273.4,4287.7,958505400,4287.7
"2011-10-26",4274.3,4314.4,4235.1,4300.8,950914400,4300.8
"2011-10-27",4305.1,4407.5,4300.7,4403.9,791371600,4403.9
"2011-10-28",4420.7,4472.2,4398.6,4411.4,1393983500,4411.4
"2011-10-31",4407.7,4416.6,4360.5,4360.5,992059600,4360.5
"2011-11-01",4342.9,4343.1,4297.1,4297.2,699284600,4297.2
"2011-11-02",4281.8,4282.6,4209,4251.3,1000377000,4251.3
"2011-11-03",4258.2,4277.8,4213.1,4237.5,994236600,4237.5
"2011-11-04",4263.5,4343,4263.5,4342.5,972119600,4342.5
"2011-11-07",4343,4348.4,4315.6,4335.3,699631200,4335.3
"2011-11-08",4343.4,4362.3,4337.1,4356.7,773668200,4356.7
"2011-11-09",4372.3,4424,4372.3,4406.2,977427200,4406.2
"2011-11-10",4369.8,4369.8,4270.3,4307.3,1412260500,4307.3
"2011-11-11",4308.5,4358.6,4308.5,4358.6,915071600,4358.6
"2011-11-14",4371.3,4423.9,4369.1,4369.1,820872600,4369.1
"2011-11-15",4364.6,4366.4,4342.1,4351.5,910526800,4351.5
"2011-11-16",4356.5,4372.2,4313.8,4313.8,898341200,4313.8
"2011-11-17",4312.4,4341.3,4293.4,4324.1,918693000,4324.1
"2011-11-18",4305.9,4306.7,4242.3,4246.7,846892400,4246.7
"2011-11-21",4242.5,4251.3,4212.4,4233.6,854768000,4233.6
"2011-11-22",4219,4220.9,4166,4204.2,1083360900,4204.2
"2011-11-23",4197,4197.8,4125.8,4125.8,1013926500,4125.8
"2011-11-24",4124,4141.5,4101.5,4115.3,1284224300,4115.3
"2011-11-25",4114.1,4114.1,4047.4,4057.6,1166514200,4057.6
"2011-11-28",4069,4138.1,4068.7,4125.8,1032192800,4125.8
"2011-11-29",4132,4167.3,4109.3,4167.3,1066210400,4167.3
"2011-11-30",4163.9,4184.7,4145.7,4184.7,1630384700,4184.7
"2011-12-01",4218.8,4299.5,4218.8,4288.1,1382634100,4288.1
"2011-12-02",4285.2,4346.3,4285.2,4346.3,1206862800,4346.3
"2011-12-05",4350.6,4391.3,4350.6,4379.5,1120695400,4379.5
"2011-12-06",4375.5,4376.1,4316.2,4321.6,947725600,4321.6
"2011-12-07",4331.2,4373.5,4331.1,4351.3,847617000,4351.3
"2011-12-08",4348,4349.7,4330.8,4338.9,982986400,4338.9
"2011-12-09",4319.6,4320.2,4248.5,4264.1,917995600,4264.1
"2011-12-12",4281.6,4331.7,4281.2,4311.4,833469400,4311.4
"2011-12-13",4295.6,4295.6,4240.8,4251.7,922301600,4251.7
"2011-12-14",4243.8,4259.8,4227.5,4249.8,880720600,4249.8
"2011-12-15",4239.7,4239.7,4175.1,4197.8,1315231800,4197.8
"2011-12-16",4200.1,4224.3,4198.8,4218.8,1227678300,4218.8
"2011-12-19",4208.1,4208.3,4113.6,4113.9,1029751500,4113.9
"2011-12-20",4113.8,4128.5,4103.1,4107.1,878892400,4107.1
"2011-12-21",4126.2,4198.2,4126.2,4190.2,1027746400,4190.2
"2011-12-22",4184.4,4185,4136.3,4142.2,788964800,4142.2
"2011-12-23",4153.5,4192.1,4153.5,4192.1,570899000,4192.1
"2011-12-28",4191.3,4193.7,4139.5,4141.7,429540400,4141.7
"2011-12-29",4135.3,4135.3,4091.6,4123.1,479293800,4123.1
"2011-12-30",4128.5,4140.9,4109.5,4111,349294400,4111
"2012-01-03",4123.3,4160.6,4122.6,4155.2,439899600,4155.2
"2012-01-04",4175.9,4254,4175.7,4239.5,806516200,4239.5
"2012-01-05",4231.7,4231.7,4186.7,4196.6,645734400,4196.6
"2012-01-06",4194.2,4198.2,4164,4164.5,652275800,4164.5
"2012-01-09",4170.6,4183.8,4145.1,4161.5,639837000,4161.5
"2012-01-10",4169.3,4208.6,4169.3,4206.6,760923400,4206.6
"2012-01-11",4214.2,4254.9,4214.2,4242.9,804011200,4242.9
"2012-01-12",4245.5,4251.5,4226,4238.4,724990200,4238.4
"2012-01-13",4246.9,4261.8,4244.9,4255.4,755501200,4255.4
"2012-01-16",4244,4245.4,4201.5,4208.9,660080800,4208.9
"2012-01-17",4220.1,4277.7,4219.3,4277.7,926949000,4277.7
"2012-01-18",4278.8,4290,4262.8,4280.6,939774800,4280.6
"2012-01-19",4290.2,4320.6,4278.6,4278.6,1007868400,4278.6
"2012-01-20",4285.3,4312.8,4284.6,4303,1001973500,4303
"2012-01-23",4300.2,4301.7,4287.5,4287.6,660306200,4287.6
"2012-01-24",4290.7,4311.1,4281.8,4286.4,737934600,4286.4
"2012-01-25",4289.5,4329.5,4289.2,4329.1,919214400,4329.1
"2012-01-27",4333.8,4373.3,4333.8,4348.5,898880800,4348.5
"2012-01-30",4347,4355.3,4327.3,4334.4,763909400,4334.4
"2012-01-31",4332.7,4348.9,4323.8,4325.7,1018690900,4325.7
"2012-02-01",4322.4,4328.1,4291,4291,1221422300,4291
"2012-02-02",4306.5,4349,4305.3,4333.2,1113003900,4333.2
"2012-02-03",4336.6,4340.8,4318,4320.1,1031078300,4320.1
"2012-02-06",4334.6,4377.5,4333.5,4364.6,912430400,4364.6
"2012-02-07",4359.6,4380.4,4340.4,4344.9,979607200,4344.9
"2012-02-08",4340.2,4367.1,4340.2,4363.7,1174082000,4363.7
"2012-02-09",4356.9,4357.5,4320.3,4357.1,1044951400,4357.1
"2012-02-10",4354.7,4362.5,4322.6,4322.6,1059731800,4322.6
"2012-02-13",4321.9,4362.8,4320.9,4359.4,931936400,4359.4
"2012-02-14",4354.2,4354.7,4310.8,4318.9,1072698900,4318.9
"2012-02-15",4318.1,4332.3,4300.1,4327.4,1079238900,4327.4
"2012-02-16",4318.1,4318.1,4246.4,4257.2,1236966100,4257.2
"2012-02-17",4267,4288.7,4264,4273.3,961726600,4273.3
"2012-02-20",4289.3,4332.8,4286.9,4332.8,1000443900,4332.8
"2012-02-21",4335,4373.6,4323.3,4368.2,1056628500,4368.2
"2012-02-22",4365.8,4383.7,4353.1,4372.1,1192074900,4372.1
"2012-02-23",4371.1,4373.9,4347.8,4367.5,1210551200,4367.5
"2012-02-24",4369.4,4389.4,4366.4,4389,1235710900,4389
"2012-02-27",4380.1,4385.3,4345.7,4354.5,1078737800,4354.5
"2012-02-28",4355.3,4372.9,4346.3,4351.2,1119814900,4351.2
"2012-02-29",4357.1,4406.1,4357.1,4388.1,1555847200,4388.1
"2012-03-01",4381,4381,4337.6,4346,1043666600,4346
"2012-03-02",4353.9,4380.9,4353.5,4364.1,862698200,4364.1
"2012-03-05",4360,4364.2,4343.6,4354.2,766396000,4354.2
"2012-03-06",4345.6,4346,4293.1,4295.5,1101944100,4295.5
"2012-03-07",4285,4285,4234.4,4234.4,1157537300,4234.4
"2012-03-08",4242.1,4266.3,4237.7,4262.2,1137482900,4262.2
"2012-03-09",4270.6,4303.7,4270.4,4300.5,1123729500,4300.5
"2012-03-12",4303,4303.6,4285.1,4288.2,808687600,4288.2
"2012-03-13",4294.2,4341.8,4293.7,4336.5,1040307300,4336.5
"2012-03-14",4348.6,4382.6,4348.2,4375.6,1131242600,4375.6
"2012-03-15",4371.2,4371.2,4354.3,4366.9,1354538700,4366.9
"2012-03-16",4367.5,4373.5,4354.6,4364.7,1751284800,4364.7
"2012-03-19",4370.6,4397.9,4369.8,4381.2,1066384900,4381.2
"2012-03-20",4382.8,4383,4355,4365.6,1082051600,4365.6
"2012-03-21",4357,4365.6,4334.4,4347,1038875200,4347
"2012-03-22",4344.7,4373.2,4343.9,4364.9,1045932800,4364.9
"2012-03-23",4354.7,4366.9,4329.3,4360.7,973673800,4360.7
"2012-03-26",4360.2,4380.7,4355.2,4355.2,894068600,4355.2
"2012-03-27",4364.9,4397.9,4364.9,4391.6,1182755400,4391.6
"2012-03-28",4388.4,4433.6,4384.8,4431.5,1159175100,4431.5
"2012-03-29",4427.6,4434.5,4414.6,4422,1147291700,4422
"2012-03-30",4423.9,4443,4419.9,4420,1403223700,4420
"2012-04-02",4432.5,4460.7,4414.1,4416.4,1144622300,4416.4
"2012-04-03",4422.9,4437.7,4415.3,4424.4,1074237700,4424.4
"2012-04-04",4416.3,4425,4402.4,4418.9,1122709700,4418.9
"2012-04-05",4408.1,4408.7,4370.1,4402.3,942229400,4402.3
"2012-04-10",4393,4393.2,4357.3,4373.7,800400200,4373.7
"2012-04-11",4362.8,4362.8,4327.3,4327.3,902003800,4327.3
"2012-04-12",4330.1,4361.7,4330.1,4361.7,868506600,4361.7
"2012-04-13",4374.3,4410.7,4374.3,4404.2,974279200,4404.2
"2012-04-16",4394,4394.1,4368.6,4382.5,818239600,4382.5
"2012-04-17",4382.2,4400.6,4366.7,4368.8,850262800,4368.8
"2012-04-18",4380.5,4427.2,4380.4,4427.2,887666200,4427.2
"2012-04-19",4428.2,4453.7,4425.6,4441.3,1063501400,4441.3
"2012-04-20",4437.9,4445.6,4432.1,4444.4,879490800,4444.4
"2012-04-23",4442.6,4442.8,4429,4430.3,647529800,4430.3
"2012-04-24",4423.3,4447.1,4415.5,4433.9,964892800,4433.9
"2012-04-26",4442,4466.2,4438.4,4445,947348000,4445
"2012-04-27",4446.5,4455.6,4433.4,4433.4,989977400,4433.4
"2012-04-30",4443.6,4468.1,4443.2,4467.2,817382600,4467.2
"2012-05-01",4468.8,4515,4468.8,4497.3,1070743600,4497.3
"2012-05-02",4503,4513.2,4496.9,4504.8,907010400,4504.8
"2012-05-03",4503.8,4510.2,4494.5,4494.5,983662400,4494.5
"2012-05-04",4488.1,4488.1,4452.5,4459.4,872010800,4459.4
"2012-05-07",4440.7,4440.7,4359.3,4361.6,1067633900,4361.6
"2012-05-08",4369.9,4387.4,4359.8,4375.9,941326800,4375.9
"2012-05-09",4372.2,4372.9,4316.4,4332.2,1128627600,4332.2
"2012-05-10",4327.3,4353.8,4327.3,4353.8,1014527600,4353.8
"2012-05-11",4354.2,4359.3,4333.1,4342.7,807140400,4342.7
"2012-05-14",4344.8,4360.5,4340.4,4351.9,768859600,4351.9
"2012-05-15",4341.5,4341.5,4302.2,4316.3,1186575400,4316.3
"2012-05-16",4304.1,4304.1,4214.7,4214.7,1259938200,4214.7
"2012-05-17",4218,4233.3,4187.2,4208.5,1177529900,4208.5
"2012-05-18",4193.1,4193.1,4079.4,4098.8,1256740300,4098.8
"2012-05-21",4104.7,4137.7,4093.8,4124.4,919429600,4124.4
"2012-05-22",4133.7,4174.4,4133.7,4173.5,995160800,4173.5
"2012-05-23",4170.3,4170.3,4118.8,4118.8,930042400,4118.8
"2012-05-24",4119.9,4139.8,4101.9,4106.2,928991200,4106.2
"2012-05-25",4107.6,4121,4077.4,4081.2,852005800,4081.2
"2012-05-28",4081.2,4122.2,4081.2,4120.2,791810400,4120.2
"2012-05-29",4120.2,4169,4092.4,4168.2,913256600,4168.2
"2012-05-30",4168.2,4168.2,4126.6,4148.7,814223400,4148.7
"2012-05-31",4148.7,4148.7,4092.5,4133.7,1245041300,4133.7
"2012-06-01",4133.7,4133.7,4088.4,4116.9,910210000,4116.9
"2012-06-04",4116.9,4116.9,4033.4,4033.4,957333400,4033.4
"2012-06-05",4033.4,4095.2,4033.4,4092.4,958341000,4092.4
"2012-06-06",4092.4,4112.2,4086.1,4104.7,870932600,4104.7
"2012-06-07",4104.7,4166.5,4104.7,4156.7,1108760200,4156.7
"2012-06-08",4156.7,4168.2,4103.2,4111.2,1186877700,4111.2
"2012-06-12",4111.2,4131.2,4108.7,4118.3,1058826700,4118.3
"2012-06-13",4118.3,4132.8,4095.7,4111.5,826509600,4111.5
"2012-06-14",4111.5,4111.5,4074.4,4089.8,770840800,4089.8
"2012-06-15",4089.8,4110.4,4083.5,4107,1158625500,4107
"2012-06-18",4107,4185.1,4107,4183.9,1011712200,4183.9
"2012-06-19",4183.9,4183.9,4151,4167.4,754080200,4167.4
"2012-06-20",4167.4,4202.6,4167.4,4176.8,1151098300,4176.8
"2012-06-21",4176.8,4180.4,4131.1,4133.7,1293007000,4133.7
"2012-06-22",4133.7,4133.7,4084.5,4093.8,963534400,4093.8
"2012-06-25",4093.8,4093.8,4041.2,4072,849274400,4072
"2012-06-26",4072,4072,4046.4,4056.3,941781600,4056.3
"2012-06-27",4056.3,4084.6,4055.4,4084,884378000,4084
"2012-06-28",4084,4113.7,4081.7,4085.6,905967800,4085.6
"2012-06-29",4085.6,4155.2,4073.8,4135.5,1329878300,4135.5
"2012-07-02",4135.5,4189.9,4135.5,4172.5,892610800,4172.5
"2012-07-03",4172.5,4180.1,4159.5,4166.4,676242000,4166.4
"2012-07-04",4166.4,4213.9,4166.4,4213.8,836677200,4213.8
"2012-07-05",4213.8,4215.8,4199.5,4209.9,709239000,4209.9
"2012-07-06",4209.9,4210.2,4187.2,4199,627998800,4199
"2012-07-09",4199,4199,4154,4159.8,577840800,4159.8
"2012-07-10",4159.8,4176.8,4130.2,4137.9,786653400,4137.9
"2012-07-11",4137.9,4140.6,4116.4,4135,805199600,4135
"2012-07-12",4135,4146.2,4101.4,4106,777071000,4106
"2012-07-13",4106,4138.4,4100,4118.3,751439800,4118.3
"2012-07-16",4118.3,4162.2,4118.3,4143.2,661124400,4143.2
"2012-07-17",4143.2,4187.6,4140.9,4175.3,758344000,4175.3
"2012-07-18",4175.3,4177.3,4154.1,4156.4,723710800,4156.4
"2012-07-19",4156.4,4236.4,4156.4,4236.4,1006433300,4236.4
"2012-07-20",4236.4,4245.5,4217.3,4230.6,884712200,4230.6
"2012-07-23",4230.6,4230.6,4159.2,4159.2,737466200,4159.2
"2012-07-24",4159.2,4169.4,4143.4,4161.2,757177400,4161.2
"2012-07-25",4161.2,4161.2,4114,4151.4,778327000,4151.4
"2012-07-26",4151.4,4176.3,4150.1,4173.8,774965400,4173.8
"2012-07-27",4173.8,4234.4,4173.8,4234.4,882553000,4234.4
"2012-07-30",4234.4,4277.4,4234.4,4266.9,714745400,4266.9
"2012-07-31",4266.9,4305.6,4266.9,4289.4,896987200,4289.4
"2012-08-01",4289.4,4289.4,4274.3,4282.7,805623200,4282.7
"2012-08-02",4282.7,4300.6,4276.8,4290.1,991731200,4290.1
"2012-08-03",4290.1,4290.1,4235.1,4243,810638200,4243
"2012-08-06",4243,4307.8,4243,4292.9,563027600,4292.9
"2012-08-07",4292.9,4313.9,4292.9,4311.4,662444000,4311.4
"2012-08-08",4311.4,4342.7,4311.4,4332.9,994273400,4332.9
"2012-08-09",4332.9,4350.4,4330.1,4330.1,853731600,4330.1
"2012-08-10",4330.1,4336.1,4302.8,4302.8,924930000,4302.8
"2012-08-13",4302.8,4339.2,4302.8,4309.5,901594800,4309.5
"2012-08-14",4309.5,4326.4,4299.7,4317.4,871929600,4317.4
"2012-08-15",4317.4,4336.5,4293.9,4307,929438400,4307
"2012-08-16",4307,4353.5,4307,4353.5,913978000,4353.5
"2012-08-17",4353.5,4393.8,4353,4393.8,923892800,4393.8
"2012-08-20",4393.8,4401.3,4372.8,4391.9,995418800,4391.9
"2012-08-21",4391.9,4428.8,4388.2,4410.8,948475600,4410.8
"2012-08-22",4410.8,4411.9,4394.3,4403.3,827739200,4403.3
"2012-08-23",4403.3,4430.3,4399.6,4411.8,1005867000,4411.8
"2012-08-24",4411.8,4411.8,4367.5,4376.5,916036200,4376.5
"2012-08-27",4378.9,4402.9,4370.1,4372.9,784779600,4372.9
"2012-08-28",4373.6,4391.9,4368.8,4387,816312200,4387
"2012-08-29",4387,4387,4373.4,4381.5,911220000,4381.5
"2012-08-30",4381.5,4381.5,4327.6,4340.2,1121006400,4340.2
"2012-08-31",4340.2,4351,4327.8,4339,1054806200,4339
"2012-09-03",4333.8,4358.6,4312.6,4351.6,771272800,4351.6
"2012-09-04",4351.6,4356.7,4316.8,4325.5,940206400,4325.5
"2012-09-05",4325.6,4325.6,4281.5,4297.7,1060339500,4297.7
"2012-09-06",4297.7,4343.3,4297.7,4331.6,1312930200,4331.6
"2012-09-07",4331.6,4376.8,4331.6,4348.8,1128590900,4348.8
"2012-09-10",4348.8,4365,4342.6,4358,980678000,4358
"2012-09-11",4357.9,4357.9,4341.4,4348.3,789668600,4348.3
"2012-09-12",4348.3,4385.3,4348.3,4383.1,923568000,4383.1
"2012-09-13",4383.1,4383.1,4358.8,4359.8,775003000,4359.8
"2012-09-14",4372.9,4417.4,4372.9,4410.2,1036663200,4410.2
"2012-09-17",4422.8,4430.4,4411.1,4421.8,868079000,4421.8
"2012-09-18",4421.8,4426.9,4406.1,4417.8,962057000,4417.8
"2012-09-19",4417.8,4443.2,4410.1,4440.4,1292763600,4440.4
"2012-09-20",4435.9,4436,4417,4419.8,1337453100,4419.8
"2012-09-21",4420.4,4440.6,4419.4,4430.8,1364434500,4430.8
"2012-09-24",4430.8,4430.8,4398.6,4409.2,751008000,4409.2
"2012-09-25",4409.2,4409.2,4390,4395.5,719905600,4395.5
"2012-09-26",4387.2,4387.6,4372.7,4382.5,785410200,4382.5
"2012-09-27",4378.8,4402.9,4357.9,4402.8,812431200,4402.8
"2012-09-28",4402.4,4413.1,4389.1,4406.3,1178863500,4406.3
"2012-10-01",4406.3,4429.4,4394.6,4408.3,0,4408.3
"2012-10-02",4412.9,4456.4,4412.9,4451.9,794556000,4451.9
"2012-10-03",4451.9,4472.9,4451.4,4458.8,736744600,4458.8
"2012-10-04",4458.8,4476.2,4457.2,4472.6,815382200,4472.6
"2012-10-05",4472.6,4514.9,4472.6,4513.8,762886400,4513.8
"2012-10-08",4513.8,4516,4496.9,4502,553273000,4502
"2012-10-09",4503.4,4532.6,4502.6,4526.6,634200600,4526.6
